id,name,duration,albumName,singerName,songUrl,imageUrl,lyricUrl
417859631,我好像在哪见过你 - (电影《精灵王座》主题曲),279000,初学者,薛之谦,http://music.163.com/song/media/outer/url?id=417859631.mp3,http://p2.music.126.net/hti_a0LADoFMBHvOBwAtRA==/1369991500930171.jpg,src/lyric/我好像在哪见过你 - (电影《精灵王座》主题曲).txt
27955654,其实,242000,意外,薛之谦,http://music.163.com/song/media/outer/url?id=27955654.mp3,http://p2.music.126.net/WPHmBisDxnoF4DrBLKwl3Q==/109951163169021112.jpg,src/lyric/其实.txt
32507038,演员,261000,绅士,薛之谦,http://music.163.com/song/media/outer/url?id=32507038.mp3,http://p2.music.126.net/qpvBqYIqkRhO9Ry2qOCdJQ==/2942293117852634.jpg,src/lyric/演员.txt
27890306,意外,287000,意外,薛之谦,http://music.163.com/song/media/outer/url?id=27890306.mp3,http://p2.music.126.net/WPHmBisDxnoF4DrBLKwl3Q==/109951163169021112.jpg,src/lyric/意外.txt
415792881,刚刚好,250000,初学者,薛之谦,http://music.163.com/song/media/outer/url?id=415792881.mp3,http://p2.music.126.net/hti_a0LADoFMBHvOBwAtRA==/1369991500930171.jpg,src/lyric/刚刚好.txt
1374056689,陪你去流浪,274000,尘,薛之谦,http://music.163.com/song/media/outer/url?id=1374056689.mp3,http://p2.music.126.net/DHUrNjC-1d6Snpcfg20Umw==/109951164583315133.jpg,src/lyric/陪你去流浪.txt
32192436,绅士,290000,绅士,薛之谦,http://music.163.com/song/media/outer/url?id=32192436.mp3,http://p2.music.126.net/qpvBqYIqkRhO9Ry2qOCdJQ==/2942293117852634.jpg,src/lyric/绅士.txt
27955653,你还要我怎样,310000,意外,薛之谦,http://music.163.com/song/media/outer/url?id=27955653.mp3,http://p2.music.126.net/WPHmBisDxnoF4DrBLKwl3Q==/109951163169021112.jpg,src/lyric/你还要我怎样.txt
471385043,暧昧,312000,渡,薛之谦,http://music.163.com/song/media/outer/url?id=471385043.mp3,http://p2.music.126.net/fNbj5uDwltSDLbETdnEYYQ==/109951163069265719.jpg,src/lyric/暧昧.txt
574921549,怪咖,250000,怪咖,薛之谦,http://music.163.com/song/media/outer/url?id=574921549.mp3,http://p1.music.126.net/TOkRGd59o3hAOKsnMMmMMA==/109951163755246383.jpg,src/lyric/怪咖.txt
569214250,借,243000,平凡的一天,毛不易,http://music.163.com/song/media/outer/url?id=569214250.mp3,http://p1.music.126.net/vmCcDvD1H04e9gm97xsCqg==/109951163350929740.jpg,src/lyric/借.txt
569213220,像我这样的人,207000,平凡的一天,毛不易,http://music.163.com/song/media/outer/url?id=569213220.mp3,http://p1.music.126.net/vmCcDvD1H04e9gm97xsCqg==/109951163350929740.jpg,src/lyric/像我这样的人.txt
569200213,消愁,261000,平凡的一天,毛不易,http://music.163.com/song/media/outer/url?id=569200213.mp3,http://p1.music.126.net/vmCcDvD1H04e9gm97xsCqg==/109951163350929740.jpg,src/lyric/消愁.txt
536099160,不染 - (电视剧《香蜜沉沉烬如霜》主题曲),325000,香蜜沉沉烬如霜?电视原声音乐专辑,毛不易,http://music.163.com/song/media/outer/url?id=536099160.mp3,http://p1.music.126.net/gEia-o05FSas8uJos54Sug==/109951163456726954.jpg,src/lyric/不染 - (电视剧《香蜜沉沉烬如霜》主题曲).txt
569200212,一荤一素,281000,平凡的一天,毛不易,http://music.163.com/song/media/outer/url?id=569200212.mp3,http://p1.music.126.net/vmCcDvD1H04e9gm97xsCqg==/109951163350929740.jpg,src/lyric/一荤一素.txt
569214247,平凡的一天,276000,平凡的一天,毛不易,http://music.163.com/song/media/outer/url?id=569214247.mp3,http://p1.music.126.net/vmCcDvD1H04e9gm97xsCqg==/109951163350929740.jpg,src/lyric/平凡的一天.txt
1407214788,二零三,226000,小王,毛不易,http://music.163.com/song/media/outer/url?id=1407214788.mp3,http://p1.music.126.net/XPPeIZu7wgcGXZ0666mfFg==/109951164640697307.jpg,src/lyric/二零三.txt
1417862046,呓语,271000,小王,毛不易,http://music.163.com/song/media/outer/url?id=1417862046.mp3,http://p1.music.126.net/XPPeIZu7wgcGXZ0666mfFg==/109951164640697307.jpg,src/lyric/呓语.txt
569200210,给你给我,241000,平凡的一天,毛不易,http://music.163.com/song/media/outer/url?id=569200210.mp3,http://p1.music.126.net/vmCcDvD1H04e9gm97xsCqg==/109951163350929740.jpg,src/lyric/给你给我.txt
569212211,盛夏,274000,平凡的一天,毛不易,http://music.163.com/song/media/outer/url?id=569212211.mp3,http://p1.music.126.net/vmCcDvD1H04e9gm97xsCqg==/109951163350929740.jpg,src/lyric/盛夏.txt
1434062381,达拉崩吧?(Live),245000,歌手・当打之年?第8期,周深,http://music.163.com/song/media/outer/url?id=1434062381.mp3,http://p1.music.126.net/P11c_X9qdAMT7yXYIMahQw==/109951164840856331.jpg,src/lyric/达拉崩吧?(Live).txt
413812448,大鱼 - (动画电影《大鱼海棠》印象曲),313000,大鱼,周深,http://music.163.com/song/media/outer/url?id=413812448.mp3,http://p1.music.126.net/aiPQXP8mdLovQSrKsM3hMQ==/1416170985079958.jpg,src/lyric/大鱼 - (动画电影《大鱼海棠》印象曲).txt
1429392929,雪花落下 - (电视剧《冰糖炖雪梨》主题曲),229000,雪花落下,周深,http://music.163.com/song/media/outer/url?id=1429392929.mp3,http://p1.music.126.net/vB5VcDUS3aE0OqWx8zmGwQ==/109951164784793909.jpg,src/lyric/雪花落下 - (电视剧《冰糖炖雪梨》主题曲).txt
1436912291,相思?(Live),310000,歌手・当打之年?第9期,周深,http://music.163.com/song/media/outer/url?id=1436912291.mp3,http://p1.music.126.net/p7n_zp4eoxY3a1XPzIomHQ==/109951164863688864.jpg,src/lyric/相思?(Live).txt
1432427879,有可能的夜晚?(Live),324000,歌手・当打之年?第7期,周深,http://music.163.com/song/media/outer/url?id=1432427879.mp3,http://p1.music.126.net/-EV4XhJEJn_Ib7ebS1OHhg==/109951164820593469.jpg,src/lyric/有可能的夜晚?(Live).txt
1428598981,Monsters?(Live),246000,歌手・当打之年?第5期,周深,http://music.163.com/song/media/outer/url?id=1428598981.mp3,http://p1.music.126.net/8CBeG0BF2C0dPiA1FDflGQ==/109951164773621591.jpg,src/lyric/Monsters?(Live).txt
1439111144,自己按门铃自己听?(Live),269000,歌手・当打之年?第10期,周深,http://music.163.com/song/media/outer/url?id=1439111144.mp3,http://p1.music.126.net/SnrbCk-XWOERwZ5wiulhwQ==/109951164887098113.jpg,src/lyric/自己按门铃自己听?(Live).txt
1371939273,亲爱的旅人啊（翻自?木村弓）?,244000,亲爱的旅人啊《千与千寻》（Cover?木村弓）,周深,http://music.163.com/song/media/outer/url?id=1371939273.mp3,http://p1.music.126.net/1YrCPOBV314i-mTtlDg8mQ==/109951164148664637.jpg,src/lyric/亲爱的旅人啊（翻自?木村弓）?.txt
1429908231,"Baby,?До?свидания?(达尼亚)?(Live)",325000,歌手・当打之年?第6期,周深,http://music.163.com/song/media/outer/url?id=1429908231.mp3,http://p1.music.126.net/muqRnruZBkljZgnvzDzE_A==/109951164795622920.jpg,"src/lyric/Baby,?До?свидания?(达尼亚)?(Live).txt"
30903117,漂洋过海来看你,183000,漂洋过海来看你,周深,http://music.163.com/song/media/outer/url?id=30903117.mp3,http://p1.music.126.net/nghrV1_ZW6lht9Ue7r4Ffg==/7697680906845029.jpg,src/lyric/漂洋过海来看你.txt
551816010,我们 - (电影《后来的我们》主题曲),260000,我们,陈奕迅,http://music.163.com/song/media/outer/url?id=551816010.mp3,http://p2.music.126.net/Ng7OR-bdgrHQKXzLyj2mGg==/109951163240732641.jpg,src/lyric/我们 - (电影《后来的我们》主题曲).txt
65766,富士山下,259000,What's?Going?On…?,陈奕迅,http://music.163.com/song/media/outer/url?id=65766.mp3,http://p2.music.126.net/PcJq6i7zMcPgudejdn1yeg==/109951163256302356.jpg,src/lyric/富士山下.txt
65533,红玫瑰,239000,认了吧,陈奕迅,http://music.163.com/song/media/outer/url?id=65533.mp3,http://p2.music.126.net/o_OjL_NZNoeog9fIjBXAyw==/18782957139233959.jpg,src/lyric/红玫瑰.txt
65538,好久不见,250000,认了吧,陈奕迅,http://music.163.com/song/media/outer/url?id=65538.mp3,http://p1.music.126.net/o_OjL_NZNoeog9fIjBXAyw==/18782957139233959.jpg,src/lyric/好久不见.txt
28563317,阴天快乐,260000,rice?&?shine,陈奕迅,http://music.163.com/song/media/outer/url?id=28563317.mp3,http://p2.music.126.net/EES1U3UVWUdt_tHyiY8XAw==/5962651557619306.jpg,src/lyric/阴天快乐.txt
65800,最佳损友,233000,Life?Continues…,陈奕迅,http://music.163.com/song/media/outer/url?id=65800.mp3,http://p1.music.126.net/7skxWYp7lF70y347YAjaBQ==/109951163256304204.jpg,src/lyric/最佳损友.txt
65528,淘汰,285000,认了吧,陈奕迅,http://music.163.com/song/media/outer/url?id=65528.mp3,http://p2.music.126.net/o_OjL_NZNoeog9fIjBXAyw==/18782957139233959.jpg,src/lyric/淘汰.txt
65536,爱情转移 - (电影《爱情呼叫转移》主题曲),259000,认了吧,陈奕迅,http://music.163.com/song/media/outer/url?id=65536.mp3,http://p1.music.126.net/o_OjL_NZNoeog9fIjBXAyw==/18782957139233959.jpg,src/lyric/爱情转移 - (电影《爱情呼叫转移》主题曲).txt
66282,浮夸,283000,U-87,陈奕迅,http://music.163.com/song/media/outer/url?id=66282.mp3,http://p2.music.126.net/Bl1hEdJbMSj5YJsTqUjr-w==/109951163520311175.jpg,src/lyric/浮夸.txt
64634,一丝不挂,242000,Time?Flies,陈奕迅,http://music.163.com/song/media/outer/url?id=64634.mp3,http://p2.music.126.net/qE_9M-Ge5qwuk55IfkNO2g==/109951163200234557.jpg,src/lyric/一丝不挂.txt
1407551413,麻雀,252000,麻雀,李荣浩,http://music.163.com/song/media/outer/url?id=1407551413.mp3,http://p1.music.126.net/TzlSVBiNtpRD2b7MT2Hi-w==/109951164527590793.jpg,src/lyric/麻雀.txt
1293886117,年少有为,278000,耳朵,李荣浩,http://music.163.com/song/media/outer/url?id=1293886117.mp3,http://p1.music.126.net/tt8xwK-ASC2iqXNUXYKoDQ==/109951163606377163.jpg,src/lyric/年少有为.txt
133998,老街,318000,小黄,李荣浩,http://music.163.com/song/media/outer/url?id=133998.mp3,http://p1.music.126.net/fZFrplIVrHMx4lvgdqiIHQ==/42880953496261.jpg,src/lyric/老街.txt
518686034,戒烟,293000,戒烟,李荣浩,http://music.163.com/song/media/outer/url?id=518686034.mp3,http://p1.music.126.net/p8YbMNyWHOWz3t1ScDeoPw==/109951164476446746.jpg,src/lyric/戒烟.txt
31654343,不将就 - (电影《何以笙箫默》片尾主题曲),312000,不将就,李荣浩,http://music.163.com/song/media/outer/url?id=31654343.mp3,http://p1.music.126.net/y9LLAuZ-CYMFPqDBq4SNYw==/7823025232375425.jpg,src/lyric/不将就 - (电影《何以笙箫默》片尾主题曲).txt
1430224832,等着等着就老了,281000,等着等着就老了,李荣浩,http://music.163.com/song/media/outer/url?id=1430224832.mp3,http://p1.music.126.net/JZ0L_3ZMY8UgFCEUN5d_tw==/109951164795031716.jpg,src/lyric/等着等着就老了.txt
407450223,爸爸妈妈,284000,有理想,李荣浩,http://music.163.com/song/media/outer/url?id=407450223.mp3,http://p1.music.126.net/UH6mbkyWNd9hRocMk3hd6Q==/109951163240596163.jpg,src/lyric/爸爸妈妈.txt
27678655,李白,273000,模特,李荣浩,http://music.163.com/song/media/outer/url?id=27678655.mp3,http://p1.music.126.net/0uZ_bKtm4E188Uk9LFN1qg==/109951163187393370.jpg,src/lyric/李白.txt
29710981,喜剧之王,261000,喜剧之王,李荣浩,http://music.163.com/song/media/outer/url?id=29710981.mp3,http://p1.music.126.net/C-jIzrvUhr7JE4iYERM-zg==/3249056860423905.jpg,src/lyric/喜剧之王.txt
1318235595,耳朵,241000,耳朵,李荣浩,http://music.163.com/song/media/outer/url?id=1318235595.mp3,http://p1.music.126.net/tt8xwK-ASC2iqXNUXYKoDQ==/109951163606377163.jpg,src/lyric/耳朵.txt
108390,说谎,264000,感官/世界,林宥嘉,http://music.163.com/song/media/outer/url?id=108390.mp3,http://p2.music.126.net/mMZNB-jhYsw29K61QtopJA==/109951163187404137.jpg,src/lyric/说谎.txt
108281,想自由,281000,美妙生活,林宥嘉,http://music.163.com/song/media/outer/url?id=108281.mp3,http://p2.music.126.net/nJlpALEtfmeFzb_k8RkDuQ==/109951163177954238.jpg,src/lyric/想自由.txt
562594267,成全,309000,成全,林宥嘉,http://music.163.com/song/media/outer/url?id=562594267.mp3,http://p2.music.126.net/jI1EcP0FrAVpPlZdGXd5Cw==/109951163304640811.jpg,src/lyric/成全.txt
108179,浪费,307000,大小说家,林宥嘉,http://music.163.com/song/media/outer/url?id=108179.mp3,http://p2.music.126.net/os7qbSSng_yni2ZFouUryw==/109951163167636205.jpg,src/lyric/浪费.txt
436016777,兜圈 - (电视剧《必娶女人》片尾曲),245000,必娶女人?电视原声带,林宥嘉,http://music.163.com/song/media/outer/url?id=436016777.mp3,http://p2.music.126.net/Wqv3S3EkKDx0UULp_dJpzA==/109951163167724588.jpg,src/lyric/兜圈 - (电视剧《必娶女人》片尾曲).txt
108557,残酷月光,269000,神秘嘉宾,林宥嘉,http://music.163.com/song/media/outer/url?id=108557.mp3,http://p2.music.126.net/JAp6-1gzU4o2vq9Xc8gXkA==/109951163167503126.jpg,src/lyric/残酷月光.txt
432509483,全世界谁倾听你? - (电影《从你的全世界路过》插曲),259000,全世界谁倾听你,林宥嘉,http://music.163.com/song/media/outer/url?id=432509483.mp3,http://p2.music.126.net/zGgUaGvXapKMy5tfQIB7cw==/109951163167743834.jpg,src/lyric/全世界谁倾听你? - (电影《从你的全世界路过》插曲).txt
350651,我爱的人,269000,星光同学会,林宥嘉,http://music.163.com/song/media/outer/url?id=350651.mp3,http://p2.music.126.net/2LAkRtcpKlfsZYniAfxHZA==/109951163167481875.jpg,src/lyric/我爱的人.txt
108224,突然想起你(Live),279000,Senses?Around?Live?Tour,林宥嘉,http://music.163.com/song/media/outer/url?id=108224.mp3,http://p2.music.126.net/DaKsdw2tzyP32p_jydZwnw==/109951164423082838.jpg,src/lyric/突然想起你(Live).txt
108194,傻子,214000,大小说家,林宥嘉,http://music.163.com/song/media/outer/url?id=108194.mp3,http://p2.music.126.net/os7qbSSng_yni2ZFouUryw==/109951163167636205.jpg,src/lyric/傻子.txt
191232,遥远的她,259000,遥远的她.Amour,张学友,http://music.163.com/song/media/outer/url?id=191232.mp3,http://p2.music.126.net/rxyLRMZdqzHdxyP5cl8qQA==/43980465112095.jpg,src/lyric/遥远的她.txt
187672,烦恼歌,254000,在你身边,张学友,http://music.163.com/song/media/outer/url?id=187672.mp3,http://p2.music.126.net/YxjQpND8glWia55x6v280g==/107752139534181.jpg,src/lyric/烦恼歌.txt
188432,如果这都不算爱,215000,学友?热,张学友,http://music.163.com/song/media/outer/url?id=188432.mp3,http://p2.music.126.net/blZlhdVmYSUwgqSUxFs88Q==/19047939439853431.jpg,src/lyric/如果这都不算爱.txt
189315,慢慢,283000,忘记你我做不到,张学友,http://music.163.com/song/media/outer/url?id=189315.mp3,http://p2.music.126.net/KkEfoix3ZrxIvJlEcLziow==/84662395339598.jpg,src/lyric/慢慢.txt
190449,吻别,306000,吻别,张学友,http://music.163.com/song/media/outer/url?id=190449.mp3,http://p2.music.126.net/636SSPpKW0avAqkK1QgzgQ==/43980465112096.jpg,src/lyric/吻别.txt
190360,等你等到我心痛,255000,等你等到我心痛,张学友,http://music.163.com/song/media/outer/url?id=190360.mp3,http://p2.music.126.net/4ldLVxAApqF56jP_09Lo8Q==/19072128695663955.jpg,src/lyric/等你等到我心痛.txt
189987,只想一生跟你走,311000,一生跟你走作品集,张学友,http://music.163.com/song/media/outer/url?id=189987.mp3,http://p2.music.126.net/DjxxlvRWV_or_pDjoGuf2w==/109951163402041945.jpg,src/lyric/只想一生跟你走.txt
190270,饿狼传说,273000,饿狼传说,张学友,http://music.163.com/song/media/outer/url?id=190270.mp3,http://p2.music.126.net/CDrwZuKT_D_m8nwnfBGx8Q==/19146895486205137.jpg,src/lyric/饿狼传说.txt
188647,她来听我的演唱会,291000,友情歌?1995-2000世纪情歌金选,张学友,http://music.163.com/song/media/outer/url?id=188647.mp3,http://p2.music.126.net/4EKzVVjcVOwq_QamSKLR5w==/65970697682613.jpg,src/lyric/她来听我的演唱会.txt
36861904,"相爱很难(电影""男人四十""歌曲)",224000,Celebration?45th?Anniversary?环球志101,张学友,http://music.163.com/song/media/outer/url?id=36861904.mp3,http://p2.music.126.net/1xasMY2KvyFozt7Tvs0RCQ==/18285977881644564.jpg,src/lyric/相爱很难(电影-男人四十歌曲).txt
574919767,只要平凡 - (电影《我不是药神》主题曲),246000,只要平凡,张杰,http://music.163.com/song/media/outer/url?id=574919767.mp3,http://p1.music.126.net/CjGoliP3xOB0gcCUaeTTBg==/109951163375727336.jpg,src/lyric/只要平凡 - (电影《我不是药神》主题曲).txt
28059417,他不懂,232000,爱，不解释,张杰,http://music.163.com/song/media/outer/url?id=28059417.mp3,http://p1.music.126.net/mW53BkMgGy37I7yVrUg-aQ==/109951163117902077.jpg,src/lyric/他不懂.txt
191254,天下,219000,明天过后,张杰,http://music.163.com/song/media/outer/url?id=191254.mp3,http://p1.music.126.net/ixIs5kkukgNYMmeDsc35_g==/29686813955450.jpg,src/lyric/天下.txt
191248,明天过后,237000,明天过后,张杰,http://music.163.com/song/media/outer/url?id=191248.mp3,http://p1.music.126.net/ixIs5kkukgNYMmeDsc35_g==/29686813955450.jpg,src/lyric/明天过后.txt
191252,我们都一样,302000,明天过后,张杰,http://music.163.com/song/media/outer/url?id=191252.mp3,http://p1.music.126.net/ixIs5kkukgNYMmeDsc35_g==/29686813955450.jpg,src/lyric/我们都一样.txt
191268,仰望星空,264000,明天过后,张杰,http://music.163.com/song/media/outer/url?id=191268.mp3,http://p1.music.126.net/ixIs5kkukgNYMmeDsc35_g==/29686813955450.jpg,src/lyric/仰望星空.txt
191060,"这,就是爱",294000,"这,就是爱",张杰,http://music.163.com/song/media/outer/url?id=191060.mp3,http://p1.music.126.net/-IjIggUaU6QOg04LtWhjDA==/109951163940905361.jpg,"src/lyric/这,就是爱.txt"
464674405,你就不要想起我?(live) - (原唱：田馥甄),303000,歌手?第8期,张杰,http://music.163.com/song/media/outer/url?id=464674405.mp3,http://p1.music.126.net/DESxmcxT42-KrVQvi0dEMQ==/109951163903245533.jpg,src/lyric/你就不要想起我?(live) - (原唱：田馥甄).txt
191278,最美的太阳,257000,最美的太阳,张杰,http://music.163.com/song/media/outer/url?id=191278.mp3,http://p1.music.126.net/5KnV1DJyAtQEAwlhCANNQw==/109951163077748578.jpg,src/lyric/最美的太阳.txt
191179,看月亮爬上来,198000,穿越三部曲,张杰,http://music.163.com/song/media/outer/url?id=191179.mp3,http://p1.music.126.net/toC85mlrFHuy7JfyPtqkHA==/109951163071273845.jpg,src/lyric/看月亮爬上来.txt
32835565,国王与乞丐,245000,异类,杨宗纬,http://music.163.com/song/media/outer/url?id=32835565.mp3,http://p1.music.126.net/UsSAd3Bdf77DjhCuTSEvUw==/109951163077613693.jpg,src/lyric/国王与乞丐.txt
25788001,其实都没有,231000,初・爱,杨宗纬,http://music.163.com/song/media/outer/url?id=25788001.mp3,http://p1.music.126.net/DxQeZM26qjkQsyZulBdw6A==/109951163314294843.jpg,src/lyric/其实都没有.txt
176053,洋葱,278000,鸽子,杨宗纬,http://music.163.com/song/media/outer/url?id=176053.mp3,http://p1.music.126.net/n_RPuY_H-kXBeh2SH9xoTg==/109951163240594763.jpg,src/lyric/洋葱.txt
25714352,空白格?(Live) - (原唱：蔡健雅),285000,我是歌手第一季?第5期,杨宗纬,http://music.163.com/song/media/outer/url?id=25714352.mp3,http://p1.music.126.net/s2rrkEZ6S7UVAJI-D1M4lA==/2258396883454110.jpg,src/lyric/空白格?(Live) - (原唱：蔡健雅).txt
26075553,这一路走来,257000,初・爱,杨宗纬,http://music.163.com/song/media/outer/url?id=26075553.mp3,http://p1.music.126.net/DxQeZM26qjkQsyZulBdw6A==/109951163314294843.jpg,src/lyric/这一路走来.txt
175991,那个男人,272000,原色,杨宗纬,http://music.163.com/song/media/outer/url?id=175991.mp3,http://p2.music.126.net/9J1-tlo8qxacWBYVDIvJqQ==/34084860462131.jpg,src/lyric/那个男人.txt
490602750,越过山丘 - (致李宗盛),233000,越过山丘,杨宗纬,http://music.163.com/song/media/outer/url?id=490602750.mp3,http://p1.music.126.net/iKJz-iaybHIRk2QKe80pog==/19195273997955269.jpg,src/lyric/越过山丘 - (致李宗盛).txt
472137697,凉凉?(Live),323000,歌手?第13期,杨宗纬,http://music.163.com/song/media/outer/url?id=472137697.mp3,http://p1.music.126.net/Lq9zwKrCN-V8uA0G0rSsog==/18745573743838646.jpg,src/lyric/凉凉?(Live).txt
32098468,我变了?我没变,234000,我变了?我没变,杨宗纬,http://music.163.com/song/media/outer/url?id=32098468.mp3,http://p1.music.126.net/TEpoWADh6V7cxS4I38AVZw==/2892815094125055.jpg,src/lyric/我变了?我没变.txt
25986220,忘了我,271000,初・爱,杨宗纬,http://music.163.com/song/media/outer/url?id=25986220.mp3,http://p1.music.126.net/DxQeZM26qjkQsyZulBdw6A==/109951163314294843.jpg,src/lyric/忘了我.txt
186436,玻璃之情,283000,I?Am?What?I?Am,张国荣,http://music.163.com/song/media/outer/url?id=186436.mp3,http://p1.music.126.net/2YIpNoCzXfYgz4zIw3s0Vg==/73667279073787.jpg,src/lyric/玻璃之情.txt
186453,春夏秋冬,250000,I?Am?What?I?Am,张国荣,http://music.163.com/song/media/outer/url?id=186453.mp3,http://p1.music.126.net/2YIpNoCzXfYgz4zIw3s0Vg==/73667279073787.jpg,src/lyric/春夏秋冬.txt
188204,沉默是金,246000,Ultimate?,张国荣,http://music.163.com/song/media/outer/url?id=188204.mp3,http://p2.music.126.net/cmvsHFnVKXO409hZdrbacA==/102254581395221.jpg,src/lyric/沉默是金.txt
26620756,当爱已成往事,302000,最红,张国荣,http://music.163.com/song/media/outer/url?id=26620756.mp3,http://p2.music.126.net/AtMpiqgluHefLF6nD_Pcug==/4417837720418086.jpg,src/lyric/当爱已成往事.txt
188175,倩女幽魂 - (电影《倩女幽魂》主题曲),218000,Ultimate?,张国荣,http://music.163.com/song/media/outer/url?id=188175.mp3,http://p2.music.126.net/cmvsHFnVKXO409hZdrbacA==/102254581395221.jpg,src/lyric/倩女幽魂 - (电影《倩女幽魂》主题曲).txt
188459,千千阙歌(Live),281000,张国荣告别乐坛演唱会,张国荣,http://music.163.com/song/media/outer/url?id=188459.mp3,http://p2.music.126.net/qseUH9tBtprMauNYv5jR8Q==/109951164373664324.jpg,src/lyric/千千阙歌(Live).txt
188489,风继续吹(Live),415000,张国荣告别乐坛演唱会,张国荣,http://music.163.com/song/media/outer/url?id=188489.mp3,http://p1.music.126.net/qseUH9tBtprMauNYv5jR8Q==/109951164373664324.jpg,src/lyric/风继续吹(Live).txt
188451,当年情(Live),306000,张国荣告别乐坛演唱会,张国荣,http://music.163.com/song/media/outer/url?id=188451.mp3,http://p2.music.126.net/qseUH9tBtprMauNYv5jR8Q==/109951164373664324.jpg,src/lyric/当年情(Live).txt
187374,我,224000,大热,张国荣,http://music.163.com/song/media/outer/url?id=187374.mp3,http://p1.music.126.net/Sbhanu6TSPEOq655lj34Gg==/98956046505532.jpg,src/lyric/我.txt
186490,心跳呼吸正常,268000,I?Am?What?I?Am,张国荣,http://music.163.com/song/media/outer/url?id=186490.mp3,http://p1.music.126.net/2YIpNoCzXfYgz4zIw3s0Vg==/73667279073787.jpg,src/lyric/心跳呼吸正常.txt
436514312,成都,328000,成都,赵雷,http://music.163.com/song/media/outer/url?id=436514312.mp3,http://p1.music.126.net/34YW1QtKxJ_3YnX9ZzKhzw==/2946691234868155.jpg,src/lyric/成都.txt
202373,南方姑娘,334000,赵小雷,赵雷,http://music.163.com/song/media/outer/url?id=202373.mp3,http://p1.music.126.net/wldFtES1Cjnbqr5bjlqQbg==/18876415625841069.jpg,src/lyric/南方姑娘.txt
29567189,理想,313000,吉姆餐厅,赵雷,http://music.163.com/song/media/outer/url?id=29567189.mp3,http://p1.music.126.net/PJNV84mjt_mDXEkxtjzB4w==/18957779486268444.jpg,src/lyric/理想.txt
202369,画,228000,赵小雷,赵雷,http://music.163.com/song/media/outer/url?id=202369.mp3,http://p1.music.126.net/wldFtES1Cjnbqr5bjlqQbg==/18876415625841069.jpg,src/lyric/画.txt
29567193,我们的时光,270000,吉姆餐厅,赵雷,http://music.163.com/song/media/outer/url?id=29567193.mp3,http://p1.music.126.net/PJNV84mjt_mDXEkxtjzB4w==/18957779486268444.jpg,src/lyric/我们的时光.txt
29567192,少年锦时,308000,吉姆餐厅,赵雷,http://music.163.com/song/media/outer/url?id=29567192.mp3,http://p1.music.126.net/PJNV84mjt_mDXEkxtjzB4w==/18957779486268444.jpg,src/lyric/少年锦时.txt
447926067,鼓楼 - (The?Drum?Tower),281000,无法长大,赵雷,http://music.163.com/song/media/outer/url?id=447926067.mp3,http://p1.music.126.net/BJgUd9aD9gpougZFASRTTw==/18548761162235571.jpg,src/lyric/鼓楼 - (The?Drum?Tower).txt
447925059,阿刁 - (Diao),374000,无法长大,赵雷,http://music.163.com/song/media/outer/url?id=447925059.mp3,http://p1.music.126.net/BJgUd9aD9gpougZFASRTTw==/18548761162235571.jpg,src/lyric/阿刁 - (Diao).txt
29567191,三十岁的女人,328000,吉姆餐厅,赵雷,http://music.163.com/song/media/outer/url?id=29567191.mp3,http://p1.music.126.net/PJNV84mjt_mDXEkxtjzB4w==/18957779486268444.jpg,src/lyric/三十岁的女人.txt
447925066,八十年代的歌 - (Song?Of?The?80s),271000,无法长大,赵雷,http://music.163.com/song/media/outer/url?id=447925066.mp3,http://p1.music.126.net/BJgUd9aD9gpougZFASRTTw==/18548761162235571.jpg,src/lyric/八十年代的歌 - (Song?Of?The?80s).txt
25643291,需要人陪,251000,十八般武艺,王力宏,http://music.163.com/song/media/outer/url?id=25643291.mp3,http://p2.music.126.net/Eoql80OnsZAvZ0UASHo6zQ==/109951163421419702.jpg,src/lyric/需要人陪.txt
27713963,好心分手 - (DUET?WITH?王力宏),182000,不能不爱…卢巧音精选,王力宏,http://music.163.com/song/media/outer/url?id=27713963.mp3,http://p2.music.126.net/qjgZCvf7hf-8St7LuZrcOg==/1362294906860186.jpg,src/lyric/好心分手 - (DUET?WITH?王力宏).txt
573982257,大城小爱,223000,2006?MP3人气超强总冠军,王力宏,http://music.163.com/song/media/outer/url?id=573982257.mp3,http://p2.music.126.net/itA6XmluhjgBbJy0GwxlAQ==/109951163774896678.jpg,src/lyric/大城小爱.txt
25642125,你不知道的事 - (电影《恋爱通告》主题曲),278000,火力全开(新歌+精选),王力宏,http://music.163.com/song/media/outer/url?id=25642125.mp3,http://p2.music.126.net/61OmqPwYHPMISm8qug81tA==/109951163943178826.jpg,src/lyric/你不知道的事 - (电影《恋爱通告》主题曲).txt
27483167,唯一,262000,唯一,王力宏,http://music.163.com/song/media/outer/url?id=27483167.mp3,http://p2.music.126.net/Lg4KxGm6uI54FRbyVctT6w==/4460718673904110.jpg,src/lyric/唯一.txt
5233037,另一个天堂,266000,K情歌9,王力宏,http://music.163.com/song/media/outer/url?id=5233037.mp3,http://p2.music.126.net/Q8ftW4YmLyBMJt6qLmhqMg==/89060441862984.jpg,src/lyric/另一个天堂.txt
25642139,春雨里洗过的太阳,292000,火力全开(新歌+精选),王力宏,http://music.163.com/song/media/outer/url?id=25642139.mp3,http://p2.music.126.net/61OmqPwYHPMISm8qug81tA==/109951163943178826.jpg,src/lyric/春雨里洗过的太阳.txt
25642151,心跳,262000,火力全开(新歌+精选),王力宏,http://music.163.com/song/media/outer/url?id=25642151.mp3,http://p2.music.126.net/61OmqPwYHPMISm8qug81tA==/109951163943178826.jpg,src/lyric/心跳.txt
461864856,飘向北方,270000,亚洲通车,王力宏,http://music.163.com/song/media/outer/url?id=461864856.mp3,http://p2.music.126.net/YLt1bXc1lABVRJj5uew4Hw==/109951163405319002.jpg,src/lyric/飘向北方.txt
5239564,你是我心内的一首歌,165000,K情歌8,王力宏,http://music.163.com/song/media/outer/url?id=5239564.mp3,http://p2.music.126.net/gkqgFSk_2An_JOtjzsm5qw==/100055558139776.jpg,src/lyric/你是我心内的一首歌.txt
174944,后会无期,206000,不良少年,徐良,http://music.163.com/song/media/outer/url?id=174944.mp3,http://p2.music.126.net/Ea88ud2UYyWtjHQqqt0gRA==/109951164006892980.jpg,src/lyric/后会无期.txt
174956,坏女孩,242000,不良少年,徐良,http://music.163.com/song/media/outer/url?id=174956.mp3,http://p2.music.126.net/Ea88ud2UYyWtjHQqqt0gRA==/109951164006892980.jpg,src/lyric/坏女孩.txt
174963,客官不可以,230000,犯贱,徐良,http://music.163.com/song/media/outer/url?id=174963.mp3,http://p2.music.126.net/ImNPIBQmUdqCjdeAs6mr6A==/28587302323242.jpg,src/lyric/客官不可以.txt
26609877,七秒钟的记忆,202000,北京巷弄,徐良,http://music.163.com/song/media/outer/url?id=26609877.mp3,http://p2.music.126.net/7zWOgeB5pu8iVE7tmhtWjw==/109951164187964072.jpg,src/lyric/七秒钟的记忆.txt
174961,红装,246000,犯贱,徐良,http://music.163.com/song/media/outer/url?id=174961.mp3,http://p2.music.126.net/ImNPIBQmUdqCjdeAs6mr6A==/28587302323242.jpg,src/lyric/红装.txt
27890395,抽离,258000,情话,徐良,http://music.163.com/song/media/outer/url?id=27890395.mp3,http://p2.music.126.net/ZbvgR59SPWDOi4vOETC0GA==/109951164006906046.jpg,src/lyric/抽离.txt
174960,犯贱,227000,犯贱,徐良,http://music.163.com/song/media/outer/url?id=174960.mp3,http://p2.music.126.net/ImNPIBQmUdqCjdeAs6mr6A==/28587302323242.jpg,src/lyric/犯贱.txt
174962,和平分手,242000,犯贱,徐良,http://music.163.com/song/media/outer/url?id=174962.mp3,http://p2.music.126.net/ImNPIBQmUdqCjdeAs6mr6A==/28587302323242.jpg,src/lyric/和平分手.txt
25918133,那时雨,214000,那时雨,徐良,http://music.163.com/song/media/outer/url?id=25918133.mp3,http://p2.music.126.net/ecSWETjwzJuM47qaIm3ExA==/2279287604395078.jpg,src/lyric/那时雨.txt
26609879,情话,238000,北京巷弄,徐良,http://music.163.com/song/media/outer/url?id=26609879.mp3,http://p2.music.126.net/7zWOgeB5pu8iVE7tmhtWjw==/109951164187964072.jpg,src/lyric/情话.txt
210049,布拉格广场,294000,看我72变 - (Magic),周杰伦,http://music.163.com/song/media/outer/url?id=210049.mp3,http://p1.music.126.net/lsMlFshdJ96aTGFFgayh4Q==/109951163611523278.jpg,src/lyric/布拉格广场.txt
298317,屋顶,319000,有点野,周杰伦,http://music.163.com/song/media/outer/url?id=298317.mp3,http://p2.music.126.net/vu3Cdo_dPq8HKOPI6_YXfA==/74766790689775.jpg,src/lyric/屋顶.txt
255020,刀马旦,193000,Promise,周杰伦,http://music.163.com/song/media/outer/url?id=255020.mp3,http://p1.music.126.net/bsgJVzkmAwVs1emr4b8hRw==/109951163250111834.jpg,src/lyric/刀马旦.txt
536570450,魔术与歌曲：告白气球,214000,2018年中央电视台春节联欢晚会,周杰伦,http://music.163.com/song/media/outer/url?id=536570450.mp3,http://p1.music.126.net/uIFI3Zx-3aiMNsFlAMBxBQ==/109951163142162226.jpg,src/lyric/魔术与歌曲：告白气球.txt
210062,骑士精神,257000,看我72变 - (Magic),周杰伦,http://music.163.com/song/media/outer/url?id=210062.mp3,http://p1.music.126.net/lsMlFshdJ96aTGFFgayh4Q==/109951163611523278.jpg,src/lyric/骑士精神.txt
5257138,屋顶,319000,男女情歌对唱冠军全记录,周杰伦,http://music.163.com/song/media/outer/url?id=5257138.mp3,http://p2.music.126.net/NYcGC00Hm38sh83ZkXZyRQ==/91259465122701.jpg,src/lyric/屋顶.txt
5268423,手牵手 - (2003年抗非典公益歌曲),342000,用音乐加油！！手牵手大合唱,周杰伦,http://music.163.com/song/media/outer/url?id=5268423.mp3,http://p1.music.126.net/IeRywZSGfWP1Ggfszn3FgQ==/124244813956662.jpg,src/lyric/手牵手 - (2003年抗非典公益歌曲).txt
298101,祝我生日快乐?(Live),258000,爱回温?新歌+精选,周杰伦,http://music.163.com/song/media/outer/url?id=298101.mp3,http://p2.music.126.net/-SVQQKgKJTYV-HYcsf00kw==/74766790701566.jpg,src/lyric/祝我生日快乐?(Live).txt
406346416,海盗,277000,玻璃情缘?(对唱篇)?Vol.One,周杰伦,http://music.163.com/song/media/outer/url?id=406346416.mp3,http://p1.music.126.net/6ycRJdzRVPc2pLI8nRleFA==/1378787583916322.jpg,src/lyric/海盗.txt
186064,刀马旦,192000,Partners?拍档,周杰伦,http://music.163.com/song/media/outer/url?id=186064.mp3,http://p2.music.126.net/8jJexFFezjT6003BB2JAdQ==/84662395339570.jpg,src/lyric/刀马旦.txt
28815250,平凡之路 - (电影《后会无期》主题曲),302000,猎户星座,朴树,http://music.163.com/song/media/outer/url?id=28815250.mp3,http://p2.music.126.net/W_5XiCv3rGS1-J7EXpHSCQ==/18885211718782327.jpg,src/lyric/平凡之路 - (电影《后会无期》主题曲).txt
139377,那些花儿 - (电影《那时花开》片尾曲),294000,我去2000年,朴树,http://music.163.com/song/media/outer/url?id=139377.mp3,http://p2.music.126.net/QYI8P7bfmwUKxH3Kll95LQ==/18878614649179588.jpg,src/lyric/那些花儿 - (电影《那时花开》片尾曲).txt
26090155,送别 - (电影《厨子戏子痞子》片尾曲),172000,送别,朴树,http://music.163.com/song/media/outer/url?id=26090155.mp3,http://p2.music.126.net/4k12UxIfZK9lUDPZIzSYlg==/2442015325313098.jpg,src/lyric/送别 - (电影《厨子戏子痞子》片尾曲).txt
139371,New?Boy,222000,我去2000年,朴树,http://music.163.com/song/media/outer/url?id=139371.mp3,http://p2.music.126.net/QYI8P7bfmwUKxH3Kll95LQ==/18878614649179588.jpg,src/lyric/New?Boy.txt
139357,生如夏花,294000,生如夏花,朴树,http://music.163.com/song/media/outer/url?id=139357.mp3,http://p2.music.126.net/xuW0eAX30At9yn8vp0Z3AA==/83562883723684.jpg,src/lyric/生如夏花.txt
139385,白桦林,229000,我去2000年,朴树,http://music.163.com/song/media/outer/url?id=139385.mp3,http://p2.music.126.net/QYI8P7bfmwUKxH3Kll95LQ==/18878614649179588.jpg,src/lyric/白桦林.txt
442869386,Baby?，До?свидания,246000,猎户星座,朴树,http://music.163.com/song/media/outer/url?id=442869386.mp3,http://p2.music.126.net/W_5XiCv3rGS1-J7EXpHSCQ==/18885211718782327.jpg,src/lyric/Baby?，До?свидания.txt
484732973,No?Fear?In?My?Heart - (电影《冈仁波齐》主题曲),395000,No?Fear?In?My?Heart,朴树,http://music.163.com/song/media/outer/url?id=484732973.mp3,http://p2.music.126.net/YLJF2EjAz7g7HRPpDvt5YQ==/18499283139280263.jpg,src/lyric/No?Fear?In?My?Heart - (电影《冈仁波齐》主题曲).txt
475072295,清白之年,274000,猎户星座,朴树,http://music.163.com/song/media/outer/url?id=475072295.mp3,http://p2.music.126.net/W_5XiCv3rGS1-J7EXpHSCQ==/18885211718782327.jpg,src/lyric/清白之年.txt
518896134,猎户星座,290000,猎户星座?(实体专辑版),朴树,http://music.163.com/song/media/outer/url?id=518896134.mp3,http://p2.music.126.net/i-wfTKO8Y2bYHNxmohE9lw==/109951163063197602.jpg,src/lyric/猎户星座.txt
115162,月半小夜曲,291000,经典金曲,李克勤,http://music.163.com/song/media/outer/url?id=115162.mp3,http://p2.music.126.net/bYTctrjUegSyzDPteIeNOw==/74766790705099.jpg,src/lyric/月半小夜曲.txt
115502,红日 - (电视剧《他来自天堂》主题曲),287000,红日,李克勤,http://music.163.com/song/media/outer/url?id=115502.mp3,http://p2.music.126.net/ZJvsIcd51VAZx3-YuEAcFQ==/18612532836965764.jpg,src/lyric/红日 - (电视剧《他来自天堂》主题曲).txt
115569,护花使者,196000,雨中街头剧,李克勤,http://music.163.com/song/media/outer/url?id=115569.mp3,http://p2.music.126.net/dUF2QZtXNkjdtyHPD_cn5Q==/109951163157531184.jpg,src/lyric/护花使者.txt
407002484,天梯?(Live) - (原唱?:?C?AllStar),337000,我是歌手第四季?第10期,李克勤,http://music.163.com/song/media/outer/url?id=407002484.mp3,http://p2.music.126.net/6rRiJ_bBS-jOA-IwGUY9dw==/3422779700149849.jpg,src/lyric/天梯?(Live) - (原唱?:?C?AllStar).txt
217501,合久必婚?(合唱),191000,听我唱歌?The?Audience?Is?Listening,李克勤,http://music.163.com/song/media/outer/url?id=217501.mp3,http://p2.music.126.net/rRVkFXCPXPghQYiuSy5HZQ==/41781441872296.jpg,src/lyric/合久必婚?(合唱).txt
113610,傻女?(Live),170000,爱不释手李克勤新城唱好音乐大派对,李克勤,http://music.163.com/song/media/outer/url?id=113610.mp3,http://p2.music.126.net/96PFefYMator8pYrQyxqVQ==/50577534890014.jpg,src/lyric/傻女?(Live).txt
402073899,单车?(Live) - (原唱?:?陈奕迅),236000,我是歌手第四季?第5期,李克勤,http://music.163.com/song/media/outer/url?id=402073899.mp3,http://p2.music.126.net/SgcH09uTKc1Hb-ZHQbtyGg==/1364493981206667.jpg,src/lyric/单车?(Live) - (原唱?:?陈奕迅).txt
115794,一生不变,264000,Purple?Dream,李克勤,http://music.163.com/song/media/outer/url?id=115794.mp3,http://p2.music.126.net/0maYwCYiqmGEEnmbJj2l7g==/109951163400210628.jpg,src/lyric/一生不变.txt
5251209,承诺(香港版),349000,承诺,李克勤,http://music.163.com/song/media/outer/url?id=5251209.mp3,http://p2.music.126.net/gtem-77q-H1Su04EVEo5zw==/62672162800292.jpg,src/lyric/承诺(香港版).txt
33984203,恋爱为何物,272000,李克勤?我克勤,李克勤,http://music.163.com/song/media/outer/url?id=33984203.mp3,http://p2.music.126.net/Yt1eTVPz0qI2EDQf8Axc0g==/7980255396294609.jpg,src/lyric/恋爱为何物.txt
185726,再见,183000,再见,张震岳,http://music.163.com/song/media/outer/url?id=185726.mp3,http://p2.music.126.net/ovYzwC_wSPz9EZ18xBDSZA==/100055558139763.jpg,src/lyric/再见.txt
185700,思念是一种病,259000,OK,张震岳,http://music.163.com/song/media/outer/url?id=185700.mp3,http://p2.music.126.net/N61oLy0iLfEkZTHD2j87iA==/18693896697392706.jpg,src/lyric/思念是一种病.txt
454698657,迷途羔羊,271000,天兵,张震岳,http://music.163.com/song/media/outer/url?id=454698657.mp3,http://p2.music.126.net/b1eSBbx2Yia0k89ocfOnjQ==/18677404023325159.jpg,src/lyric/迷途羔羊.txt
185712,小宇,231000,OK,张震岳,http://music.163.com/song/media/outer/url?id=185712.mp3,http://p2.music.126.net/N61oLy0iLfEkZTHD2j87iA==/18693896697392706.jpg,src/lyric/小宇.txt
185919,爱我别走,284000,秘密基地,张震岳,http://music.163.com/song/media/outer/url?id=185919.mp3,http://p2.music.126.net/y-7BwF3KQVJDwjXypcmYWA==/19035844811868044.jpg,src/lyric/爱我别走.txt
185937,爱的初体验,242000,这个下午很无聊,张震岳,http://music.163.com/song/media/outer/url?id=185937.mp3,http://p2.music.126.net/XmvaHWMwhC0Fg8qIp7tiXQ==/59373627900772.jpg,src/lyric/爱的初体验.txt
543656128,秘密,322000,爱曲初体验,张震岳,http://music.163.com/song/media/outer/url?id=543656128.mp3,http://p2.music.126.net/Jdlbgs636ICWm1MDZJaFsw==/109951163175719996.jpg,src/lyric/秘密.txt
1371760071,My?Way?(Live),396000,中国新说唱2019?第一期,张震岳,http://music.163.com/song/media/outer/url?id=1371760071.mp3,http://p2.music.126.net/ykMKbr2vdhVv1m9XJ-gTTA==/109951164146211059.jpg,src/lyric/My?Way?(Live).txt
185706,很难,262000,OK,张震岳,http://music.163.com/song/media/outer/url?id=185706.mp3,http://p2.music.126.net/N61oLy0iLfEkZTHD2j87iA==/18693896697392706.jpg,src/lyric/很难.txt
1306507665,再见Hip-Hop,240000,再见Hip-Hop,张震岳,http://music.163.com/song/media/outer/url?id=1306507665.mp3,http://p2.music.126.net/bcRYaryCL7bysJEYswwkPQ==/109951163536049237.jpg,src/lyric/再见Hip-Hop.txt
557584888,往后余生,195000,往后余生,马良,http://music.163.com/song/media/outer/url?id=557584888.mp3,http://p1.music.126.net/VY-LfiQZZNjtDBHGmEu85A==/109951163300149472.jpg,src/lyric/往后余生.txt
571338083,醒着醉,228000,醒着醉,马良,http://music.163.com/song/media/outer/url?id=571338083.mp3,http://p2.music.126.net/g-tbzhZCU2opvigyB2g_Qg==/109951163334448121.jpg,src/lyric/醒着醉.txt
1361434698,事关孤独,243000,事关孤独,马良,http://music.163.com/song/media/outer/url?id=1361434698.mp3,http://p2.music.126.net/109Chb5s2HSfU_nfSz7QGw==/109951164026928171.jpg,src/lyric/事关孤独.txt
1311319953,往后余生,236000,往后余生,马良,http://music.163.com/song/media/outer/url?id=1311319953.mp3,http://p2.music.126.net/mgZ0uZ0EUdElU5r0EpfUPg==/109951163571387205.jpg,src/lyric/往后余生.txt
1334296172,平凡的你我,239000,平凡的你我,马良,http://music.163.com/song/media/outer/url?id=1334296172.mp3,http://p2.music.126.net/jcNZndJyZJNhTn16sif6dA==/109951163755198254.jpg,src/lyric/平凡的你我.txt
1426840557,理想世界,264000,理想世界,马良,http://music.163.com/song/media/outer/url?id=1426840557.mp3,http://p2.music.126.net/-1A1_Ba159DE60mL_lPsbg==/109951164751565865.jpg,src/lyric/理想世界.txt
554118097,往后余生原创(demo),152000,往后余生DEMO,马良,http://music.163.com/song/media/outer/url?id=554118097.mp3,http://p2.music.126.net/qbQfW4Ulgci_oR1QpcwqPA==/109951163255476596.jpg,src/lyric/往后余生原创(demo).txt
1388321301,往后余生 - (电影《逗爱熊仁镇》宣传插曲),207000,往后余生,马良,http://music.163.com/song/media/outer/url?id=1388321301.mp3,http://p2.music.126.net/AM-Be7FGaYxy9He5rmBM0Q==/109951164354964770.jpg,src/lyric/往后余生 - (电影《逗爱熊仁镇》宣传插曲).txt
1336871705,这个大叔不太冷,232000,这个大叔不太冷,马良,http://music.163.com/song/media/outer/url?id=1336871705.mp3,http://p2.music.126.net/N2-Eamd6fA7TGo0NtztkZg==/109951163825918164.jpg,src/lyric/这个大叔不太冷.txt
1311345294,回首仍是少年,296000,回首仍是少年,马良,http://music.163.com/song/media/outer/url?id=1311345294.mp3,http://p2.music.126.net/VH0xBGxUxMnTWIZ7nYvxfQ==/109951163560977084.jpg,src/lyric/回首仍是少年.txt
29723022,暗里着迷?(粤),226000,Wonderful?World?香港演唱会?2007,刘德华,http://music.163.com/song/media/outer/url?id=29723022.mp3,http://p2.music.126.net/-6osWky_WObfAydYYiTvpA==/3236962232773608.jpg,src/lyric/暗里着迷?(粤).txt
29723041,17岁(粤),303000,Wonderful?World?香港演唱会?2007,刘德华,http://music.163.com/song/media/outer/url?id=29723041.mp3,http://p2.music.126.net/-6osWky_WObfAydYYiTvpA==/3236962232773608.jpg,src/lyric/17岁(粤).txt
554191989,练习,259000,练习,刘德华,http://music.163.com/song/media/outer/url?id=554191989.mp3,http://p2.music.126.net/Qyg276JcWTyQQeTppuKAQw==/109951163265515513.jpg,src/lyric/练习.txt
29723028,一起走过的日子?(粤) - (电影《至尊无上Ⅱ之永霸天下》主题曲),237000,Wonderful?World?香港演唱会?2007,刘德华,http://music.163.com/song/media/outer/url?id=29723028.mp3,http://p2.music.126.net/-6osWky_WObfAydYYiTvpA==/3236962232773608.jpg,src/lyric/一起走过的日子?(粤) - (电影《至尊无上Ⅱ之永霸天下》主题曲).txt
112908,来生缘,234000,来生缘,刘德华,http://music.163.com/song/media/outer/url?id=112908.mp3,http://p2.music.126.net/r-DAWP5CdH0xE8aALZ65FQ==/111050674418368.jpg,src/lyric/来生缘.txt
110184,谢谢你的爱,279000,经典重现,刘德华,http://music.163.com/song/media/outer/url?id=110184.mp3,http://p2.music.126.net/4smbvcWyk16SfSouao2UAA==/109951163031587156.jpg,src/lyric/谢谢你的爱.txt
110146,我恨我痴心,252000,经典重现,刘德华,http://music.163.com/song/media/outer/url?id=110146.mp3,http://p2.music.126.net/4smbvcWyk16SfSouao2UAA==/109951163031587156.jpg,src/lyric/我恨我痴心.txt
110761,世界第一等(Live),261000,爱你一万年?99演唱会,刘德华,http://music.163.com/song/media/outer/url?id=110761.mp3,http://p2.music.126.net/LRWWw0_d0wZWWicIKQIkfA==/65970697667341.jpg,src/lyric/世界第一等(Live).txt
110397,冰雨(Live),350000,你是我的骄傲演唱会,刘德华,http://music.163.com/song/media/outer/url?id=110397.mp3,http://p2.music.126.net/NcVf7w7gtyvmfw0OGI8W6A==/888405395243414.jpg,src/lyric/冰雨(Live).txt
29723024,笨小孩(国),230000,Wonderful?World?香港演唱会?2007,刘德华,http://music.163.com/song/media/outer/url?id=29723024.mp3,http://p2.music.126.net/-6osWky_WObfAydYYiTvpA==/3236962232773608.jpg,src/lyric/笨小孩(国).txt
31445772,理想三旬,210000,浓烟下的诗歌电台,陈鸿宇,http://music.163.com/song/media/outer/url?id=31445772.mp3,http://p2.music.126.net/cqTTEPAaxXG3cOwaE4E_-g==/109951163104103366.jpg,src/lyric/理想三旬.txt
463157222,一如年少模样,262000,一如年少模样,陈鸿宇,http://music.163.com/song/media/outer/url?id=463157222.mp3,http://p2.music.126.net/zoExppgWYLCoTY5nkmHFXQ==/109951163104111018.jpg,src/lyric/一如年少模样.txt
1342592226,离家最近的路 - (网易云音乐温暖2019特别企划),264000,离家最近的路,陈鸿宇,http://music.163.com/song/media/outer/url?id=1342592226.mp3,http://p2.music.126.net/nvUSfLkvpV07rhMefg2AXQ==/109951163823798440.jpg,src/lyric/离家最近的路 - (网易云音乐温暖2019特别企划).txt
34380395,途中,259000,浓烟下的诗歌电台,陈鸿宇,http://music.163.com/song/media/outer/url?id=34380395.mp3,http://p2.music.126.net/cqTTEPAaxXG3cOwaE4E_-g==/109951163104103366.jpg,src/lyric/途中.txt
35476188,早春的树,236000,浓烟下的诗歌电台,陈鸿宇,http://music.163.com/song/media/outer/url?id=35476188.mp3,http://p2.music.126.net/cqTTEPAaxXG3cOwaE4E_-g==/109951163104103366.jpg,src/lyric/早春的树.txt
449578813,行歌,287000,一如年少模样,陈鸿宇,http://music.163.com/song/media/outer/url?id=449578813.mp3,http://p2.music.126.net/zoExppgWYLCoTY5nkmHFXQ==/109951163104111018.jpg,src/lyric/行歌.txt
456185374,别送我 - (电影《乘风破浪》插曲),167000,别送我,陈鸿宇,http://music.163.com/song/media/outer/url?id=456185374.mp3,http://p2.music.126.net/xejDwyT3y0nJa6tn6GEyJw==/18781857627425190.jpg,src/lyric/别送我 - (电影《乘风破浪》插曲).txt
1359780673,这不是理想的歌,219000,三旬,陈鸿宇,http://music.163.com/song/media/outer/url?id=1359780673.mp3,http://p2.music.126.net/PKeOjWJn7Vlcr00gYtzwyA==/109951164009346533.jpg,src/lyric/这不是理想的歌.txt
434974723,额尔古纳,245000,一如年少模样,陈鸿宇,http://music.163.com/song/media/outer/url?id=434974723.mp3,http://p2.music.126.net/zoExppgWYLCoTY5nkmHFXQ==/109951163104111018.jpg,src/lyric/额尔古纳.txt
479403036,遇见相似的灵魂,322000,遇见相似的灵魂,陈鸿宇,http://music.163.com/song/media/outer/url?id=479403036.mp3,http://p2.music.126.net/MRZDcno4qbfqNb0g03OaFQ==/109951163049991008.jpg,src/lyric/遇见相似的灵魂.txt
167975,曾经的你,261000,每一刻都是崭新的,许巍,http://music.163.com/song/media/outer/url?id=167975.mp3,http://p2.music.126.net/GoiTB6oG3vQWntnCjKRw0g==/109951163092691594.jpg,src/lyric/曾经的你.txt
168091,蓝莲花,270000,时光.漫步,许巍,http://music.163.com/song/media/outer/url?id=168091.mp3,http://p2.music.126.net/C6txAWMGlVmAcAD37RVutQ==/122045790684028.jpg,src/lyric/蓝莲花.txt
167880,像风一样自由,221000,在路上……,许巍,http://music.163.com/song/media/outer/url?id=167880.mp3,http://p2.music.126.net/c7QlVgWioB5SKJTh1gxquQ==/69269232550737.jpg,src/lyric/像风一样自由.txt
168053,故乡,315000,珍藏许巍作品全集,许巍,http://music.163.com/song/media/outer/url?id=168053.mp3,http://p2.music.126.net/-TN2GpgSZ02bvOUEgVPKWA==/40681930239729.jpg,src/lyric/故乡.txt
167802,旅行,266000,曾经的你,许巍,http://music.163.com/song/media/outer/url?id=167802.mp3,http://p2.music.126.net/OHzbyGhLdNatFNExPNkD4Q==/6670737045790111.jpg,src/lyric/旅行.txt
168153,那一年,247000,那一年,许巍,http://music.163.com/song/media/outer/url?id=168153.mp3,http://p2.music.126.net/jvDVEYjmrXXds2vUI71jow==/109951164795538863.jpg,src/lyric/那一年.txt
167897,执着,278000,在路上……,许巍,http://music.163.com/song/media/outer/url?id=167897.mp3,http://p2.music.126.net/c7QlVgWioB5SKJTh1gxquQ==/69269232550737.jpg,src/lyric/执着.txt
168087,完美生活,296000,时光.漫步,许巍,http://music.163.com/song/media/outer/url?id=168087.mp3,http://p2.music.126.net/C6txAWMGlVmAcAD37RVutQ==/122045790684028.jpg,src/lyric/完美生活.txt
168089,时光,305000,时光.漫步,许巍,http://music.163.com/song/media/outer/url?id=168089.mp3,http://p2.music.126.net/C6txAWMGlVmAcAD37RVutQ==/122045790684028.jpg,src/lyric/时光.txt
167774,少年,311000,爱如少年,许巍,http://music.163.com/song/media/outer/url?id=167774.mp3,http://p2.music.126.net/IEeq3jg_re-A4jW2ugG6Vw==/27487790695453.jpg,src/lyric/少年.txt
152392,讲不出再见,294000,二十年白金畅销金曲全记录,谭咏麟,http://music.163.com/song/media/outer/url?id=152392.mp3,http://p2.music.126.net/ow3GKMyAg8hdWDRmhKl4iw==/109951163066633801.jpg,src/lyric/讲不出再见.txt
153784,一生中最爱,264000,一生中最爱,谭咏麟,http://music.163.com/song/media/outer/url?id=153784.mp3,http://p2.music.126.net/EDe8WuEF_RbxugBQJcofXQ==/41781441856503.jpg,src/lyric/一生中最爱.txt
4871718,爱情陷阱,235000,爱情陷阱,谭咏麟,http://music.163.com/song/media/outer/url?id=4871718.mp3,http://p2.music.126.net/QigStkElP-yXC8H8ibnGog==/109951164900283582.jpg,src/lyric/爱情陷阱.txt
152428,朋友 - (电影《龙兄虎弟》插曲),289000,二十年白金畅销金曲全记录,谭咏麟,http://music.163.com/song/media/outer/url?id=152428.mp3,http://p2.music.126.net/ow3GKMyAg8hdWDRmhKl4iw==/109951163066633801.jpg,src/lyric/朋友 - (电影《龙兄虎弟》插曲).txt
152391,再见亦是泪,270000,二十年白金畅销金曲全记录,谭咏麟,http://music.163.com/song/media/outer/url?id=152391.mp3,http://p2.music.126.net/ow3GKMyAg8hdWDRmhKl4iw==/109951163066633801.jpg,src/lyric/再见亦是泪.txt
152283,夏日寒风,251000,歌者恋歌浓情30年经典金曲,谭咏麟,http://music.163.com/song/media/outer/url?id=152283.mp3,http://p2.music.126.net/0g5XXOn-4BeBv2J4m-wXpw==/661905999933308.jpg,src/lyric/夏日寒风.txt
5251209,承诺(香港版),349000,承诺,谭咏麟,http://music.163.com/song/media/outer/url?id=5251209.mp3,http://p2.music.126.net/gtem-77q-H1Su04EVEo5zw==/62672162800292.jpg,src/lyric/承诺(香港版).txt
4871744,爱在深秋,242000,爱的根源,谭咏麟,http://music.163.com/song/media/outer/url?id=4871744.mp3,http://p1.music.126.net/t7LblOlrtxLWd0wgWGCI_w==/109951163023778264.jpg,src/lyric/爱在深秋.txt
32699981,暴风女神Lorelei,256000,讲不出再见,谭咏麟,http://music.163.com/song/media/outer/url?id=32699981.mp3,http://p2.music.126.net/iemXyMhi_10-RagkxOToMQ==/19235955928125824.jpg,src/lyric/暴风女神Lorelei.txt
152517,披着羊皮的狼(国),268000,天?地,谭咏麟,http://music.163.com/song/media/outer/url?id=152517.mp3,http://p2.music.126.net/_58tVbk47Eogeds2apwJjA==/129742372090761.jpg,src/lyric/披着羊皮的狼(国).txt
5271858,难念的经 - (1997年TVB版电视剧《天龙八部》片头曲),288000,电视剧歌曲大全,周华健,http://music.163.com/song/media/outer/url?id=5271858.mp3,http://p2.music.126.net/n_7R-J0uWaBPBkm7aVsA_Q==/122045790701114.jpg,src/lyric/难念的经 - (1997年TVB版电视剧《天龙八部》片头曲).txt
555984413,神话情话?(粤) - (1995年TVB版电视剧《神雕侠侣》主题曲),266000,两岸三地电视剧主题曲大比拼,周华健,http://music.163.com/song/media/outer/url?id=555984413.mp3,http://p2.music.126.net/Y1IIadn7rjGrZA5IAKLtBA==/109951163270175127.jpg,src/lyric/神话情话?(粤) - (1995年TVB版电视剧《神雕侠侣》主题曲).txt
186624,有没有一首歌会让你想起我,287000,忘忧草,周华健,http://music.163.com/song/media/outer/url?id=186624.mp3,http://p1.music.126.net/9J0uFtmpQ-Ouk3-SPDjwQA==/109951163076131271.jpg,src/lyric/有没有一首歌会让你想起我.txt
188051,让我欢喜让我忧 - (电影《夏日情未了》主题曲),284000,让我欢喜让我忧,周华健,http://music.163.com/song/media/outer/url?id=188051.mp3,http://p1.music.126.net/1YKilN4h4EN5zcjmt4zrYA==/109951163076131830.jpg,src/lyric/让我欢喜让我忧 - (电影《夏日情未了》主题曲).txt
187134,朋友,312000,朋友,周华健,http://music.163.com/song/media/outer/url?id=187134.mp3,http://p2.music.126.net/tppfAdLe7tTit1V7Tt30dQ==/109951163076136512.jpg,src/lyric/朋友.txt
187968,花心,230000,花心,周华健,http://music.163.com/song/media/outer/url?id=187968.mp3,http://p2.music.126.net/gT8luuRI717O0JDaE5qfxw==/109951163076126994.jpg,src/lyric/花心.txt
5271860,刀剑如梦 - (1994版台视版《倚天屠龙记》主题曲),188000,电视剧歌曲大全,周华健,http://music.163.com/song/media/outer/url?id=5271860.mp3,http://p2.music.126.net/n_7R-J0uWaBPBkm7aVsA_Q==/122045790701114.jpg,src/lyric/刀剑如梦 - (1994版台视版《倚天屠龙记》主题曲).txt
186583,天下有情人 - (1995年TVB版电视剧《神雕侠侣》主题曲国语版),297000,周华健?&?Friends,周华健,http://music.163.com/song/media/outer/url?id=186583.mp3,http://p2.music.126.net/07oExbcDVpGTbU-U0m4diQ==/109951163219237717.jpg,src/lyric/天下有情人 - (1995年TVB版电视剧《神雕侠侣》主题曲国语版).txt
186272,江湖笑 - (2006年张纪中版《神雕侠侣》片尾曲),264000,雨人,周华健,http://music.163.com/song/media/outer/url?id=186272.mp3,http://p2.music.126.net/PfT0v6qQ8Yg1cBrX11tkIA==/109951163076128983.jpg,src/lyric/江湖笑 - (2006年张纪中版《神雕侠侣》片尾曲).txt
5268423,手牵手 - (2003年抗非典公益歌曲),342000,用音乐加油！！手牵手大合唱,周华健,http://music.163.com/song/media/outer/url?id=5268423.mp3,http://p1.music.126.net/IeRywZSGfWP1Ggfszn3FgQ==/124244813956662.jpg,src/lyric/手牵手 - (2003年抗非典公益歌曲).txt
1313354324,出山,200000,粥请客（四）,花粥,http://music.163.com/song/media/outer/url?id=1313354324.mp3,http://p2.music.126.net/xUAfdMHdXhu3BmO4g8nOYA==/109951163573311341.jpg,src/lyric/出山.txt
1357999894,归去来兮,206000,一碗,花粥,http://music.163.com/song/media/outer/url?id=1357999894.mp3,http://p1.music.126.net/H6dt7IgvXNWhRM_w7XbcqQ==/109951163990575387.jpg,src/lyric/归去来兮.txt
574566207,盗将行,198000,粥请客（二）,花粥,http://music.163.com/song/media/outer/url?id=574566207.mp3,http://p1.music.126.net/-qHPT3rhxDlu5zQV9NcQ-A==/109951163555860423.jpg,src/lyric/盗将行.txt
557581284,纸短情长,186000,纸短情长,花粥,http://music.163.com/song/media/outer/url?id=557581284.mp3,http://p1.music.126.net/PXE9MfYCgnjHz1vkrpUywQ==/109951163290871736.jpg,src/lyric/纸短情长.txt
1358035181,落霜 - (奇幻爱情电影《傀儡姬》推广曲),209000,落霜,花粥,http://music.163.com/song/media/outer/url?id=1358035181.mp3,http://p2.music.126.net/cMcVx2eWWXO3zHTouRstKg==/109951163990747016.jpg,src/lyric/落霜 - (奇幻爱情电影《傀儡姬》推广曲).txt
450853439,遥不可及的你,150000,2017（一）,花粥,http://music.163.com/song/media/outer/url?id=450853439.mp3,http://p1.music.126.net/_d88fVvtP17B-hV7z1lWzg==/109951162835476747.jpg,src/lyric/遥不可及的你.txt
1336866698,浮白,228000,浮白,花粥,http://music.163.com/song/media/outer/url?id=1336866698.mp3,http://p2.music.126.net/dy4SZtCPKqnXh5qI61S3Nw==/109951163825880020.jpg,src/lyric/浮白.txt
460542191,一腔诗意喂了狗,131000,2017（三）,花粥,http://music.163.com/song/media/outer/url?id=460542191.mp3,http://p2.music.126.net/9Im0UWy0_IedMLBvp4FsLg==/109951163957797206.jpg,src/lyric/一腔诗意喂了狗.txt
1313107233,活该,169000,活该,花粥,http://music.163.com/song/media/outer/url?id=1313107233.mp3,http://p1.music.126.net/w9eFcvd6oq6Xxk-00UYKHg==/109951163573482907.jpg,src/lyric/活该.txt
247172,二十岁的某一天,145000,早年间的一些歌,花粥,http://music.163.com/song/media/outer/url?id=247172.mp3,http://p2.music.126.net/CmoiJUfMIMCBUpcozHbsIQ==/109951163914376752.jpg,src/lyric/二十岁的某一天.txt
421423806,小半,297000,小梦大半,陈粒,http://music.163.com/song/media/outer/url?id=421423806.mp3,http://p2.music.126.net/HQxTggMCB7AHUXN-ZFEtmA==/1371091013186741.jpg,src/lyric/小半.txt
30431376,易燃易爆炸,200000,如也,陈粒,http://music.163.com/song/media/outer/url?id=30431376.mp3,http://p2.music.126.net/VuJFMbXzpAProbJPoXLv7g==/7721870161993398.jpg,src/lyric/易燃易爆炸.txt
421423808,虚拟,240000,小梦大半,陈粒,http://music.163.com/song/media/outer/url?id=421423808.mp3,http://p2.music.126.net/HQxTggMCB7AHUXN-ZFEtmA==/1371091013186741.jpg,src/lyric/虚拟.txt
30431367,走马,235000,如也,陈粒,http://music.163.com/song/media/outer/url?id=30431367.mp3,http://p2.music.126.net/VuJFMbXzpAProbJPoXLv7g==/7721870161993398.jpg,src/lyric/走马.txt
30431364,光,141000,如也,陈粒,http://music.163.com/song/media/outer/url?id=30431364.mp3,http://p2.music.126.net/VuJFMbXzpAProbJPoXLv7g==/7721870161993398.jpg,src/lyric/光.txt
30431366,奇妙能力歌,253000,如也,陈粒,http://music.163.com/song/media/outer/url?id=30431366.mp3,http://p2.music.126.net/VuJFMbXzpAProbJPoXLv7g==/7721870161993398.jpg,src/lyric/奇妙能力歌.txt
421563713,桥豆麻袋,179000,小梦大半,陈粒,http://music.163.com/song/media/outer/url?id=421563713.mp3,http://p2.music.126.net/HQxTggMCB7AHUXN-ZFEtmA==/1371091013186741.jpg,src/lyric/桥豆麻袋.txt
29535531,历历万乡,214000,未收录的单曲,陈粒,http://music.163.com/song/media/outer/url?id=29535531.mp3,http://p2.music.126.net/lN2jt4Vkqw3zzIjc2JjyCw==/2532175280981641.jpg,src/lyric/历历万乡.txt
30051774,性空山,166000,未收录的单曲,陈粒,http://music.163.com/song/media/outer/url?id=30051774.mp3,http://p2.music.126.net/lN2jt4Vkqw3zzIjc2JjyCw==/2532175280981641.jpg,src/lyric/性空山.txt
29979822,妙龄童,156000,未收录的单曲,陈粒,http://music.163.com/song/media/outer/url?id=29979822.mp3,http://p2.music.126.net/lN2jt4Vkqw3zzIjc2JjyCw==/2532175280981641.jpg,src/lyric/妙龄童.txt
316686,处处吻,201000,Simply?Me,杨千,http://music.163.com/song/media/outer/url?id=316686.mp3,http://p2.music.126.net/8w4C39C2OY2fRANvkSXo9Q==/109951163270254519.jpg,src/lyric/处处吻.txt
316486,野孩子,223000,千檬⒎,杨千,http://music.163.com/song/media/outer/url?id=316486.mp3,http://p2.music.126.net/cANzxO2ixBKq_DJhSPOQ9Q==/109951163447787666.jpg,src/lyric/野孩子.txt
29593497,少女的祈祷,211000,Kiss?Me?Soft?avep1,杨千,http://music.163.com/song/media/outer/url?id=29593497.mp3,http://p2.music.126.net/CKX81xJQgPrvLrny_dkW2g==/3229265650873318.jpg,src/lyric/少女的祈祷.txt
316654,可惜我是水瓶座,216000,Simply?Me,杨千,http://music.163.com/song/media/outer/url?id=316654.mp3,http://p2.music.126.net/8w4C39C2OY2fRANvkSXo9Q==/109951163270254519.jpg,src/lyric/可惜我是水瓶座.txt
316756,小城大事,208000,电光幻影,杨千,http://music.163.com/song/media/outer/url?id=316756.mp3,http://p2.music.126.net/O-4LQ8-dYz0oHRIenG1KoQ==/109951164016432343.jpg,src/lyric/小城大事.txt
316938,再见二丁目,238000,Miriam's?Melodies,杨千,http://music.163.com/song/media/outer/url?id=316938.mp3,http://p2.music.126.net/afjQwekhKMBiLOOQz56TLA==/7836219371362214.jpg,src/lyric/再见二丁目.txt
316498,勇,221000,千檬⒎,杨千,http://music.163.com/song/media/outer/url?id=316498.mp3,http://p2.music.126.net/cANzxO2ixBKq_DJhSPOQ9Q==/109951163447787666.jpg,src/lyric/勇.txt
316637,假如让我说下去,207000,Simply?Me,杨千,http://music.163.com/song/media/outer/url?id=316637.mp3,http://p2.music.126.net/8w4C39C2OY2fRANvkSXo9Q==/109951163270254519.jpg,src/lyric/假如让我说下去.txt
5265772,花好月圆夜 - (电影《花好月圆》插曲),144000,爱唱主题曲,杨千,http://music.163.com/song/media/outer/url?id=5265772.mp3,http://p2.music.126.net/SwtaFve-jgrqnCUFd_Ry0A==/6644348766721571.jpg,src/lyric/花好月圆夜 - (电影《花好月圆》插曲).txt
316510,稀客,193000,千檬⒎,杨千,http://music.163.com/song/media/outer/url?id=316510.mp3,http://p2.music.126.net/cANzxO2ixBKq_DJhSPOQ9Q==/109951163447787666.jpg,src/lyric/稀客.txt
29713754,匆匆那年 - (Fleet?of?Time),240000,匆匆那年,王菲,http://music.163.com/song/media/outer/url?id=29713754.mp3,http://p2.music.126.net/yXyeAl-7m0tqfx4AX7BDSQ==/2542070884980240.jpg,src/lyric/匆匆那年 - (Fleet?of?Time).txt
1392990601,我和我的祖国 - (电影《我和我的祖国》主题曲),188000,我和我的祖国,王菲,http://music.163.com/song/media/outer/url?id=1392990601.mp3,http://p2.music.126.net/HeGrAKPiZhKkONiFDxZvmw==/109951164384346866.jpg,src/lyric/我和我的祖国 - (电影《我和我的祖国》主题曲).txt
300062,人间,285000,王菲,王菲,http://music.163.com/song/media/outer/url?id=300062.mp3,http://p2.music.126.net/6DS0esuwYLLgf9VyYi4R1A==/109951163165829326.jpg,src/lyric/人间.txt
298880,容易受伤的女人,259000,阿菲正传,王菲,http://music.163.com/song/media/outer/url?id=298880.mp3,http://p2.music.126.net/CMzwlmGKUtCUSmaU0_4cYQ==/19135900370066648.jpg,src/lyric/容易受伤的女人.txt
299757,红豆,260000,Eyes?On?Me,王菲,http://music.163.com/song/media/outer/url?id=299757.mp3,http://p2.music.126.net/62SmuCNsZRdyY_GEZWk_Ag==/109951163416516218.jpg,src/lyric/红豆.txt
64317,因为爱情 - (电影《将爱情进行到底》主题曲),216000,Stranger?Under?My?Skin,王菲,http://music.163.com/song/media/outer/url?id=64317.mp3,http://p2.music.126.net/GGYQjJ-zDEivv9l6QgJUFg==/109951163020567917.jpg,src/lyric/因为爱情 - (电影《将爱情进行到底》主题曲).txt
431357712,你在终点等我 - (电影《从你的全世界路过》主题曲),285000,你在终点等我,王菲,http://music.163.com/song/media/outer/url?id=431357712.mp3,http://p2.music.126.net/ddhcDeGSl9VhXJLfOsNDEA==/3433774824740403.jpg,src/lyric/你在终点等我 - (电影《从你的全世界路过》主题曲).txt
299445,流年,272000,你王菲所以我王菲,王菲,http://music.163.com/song/media/outer/url?id=299445.mp3,http://p2.music.126.net/oMftvOfez0-iTRuUs1CHlA==/19178781323558220.jpg,src/lyric/流年.txt
299981,暧昧,281000,菲主打,王菲,http://music.163.com/song/media/outer/url?id=299981.mp3,http://p2.music.126.net/l9vAoPLeU2BAA2utoMWbGA==/19028148230552607.jpg,src/lyric/暧昧.txt
299116,约定,266000,情菲得意?The?1st?Complete?Collection?,王菲,http://music.163.com/song/media/outer/url?id=299116.mp3,http://p2.music.126.net/gzEPG3dvqn63letU0RTypA==/109951163139329900.jpg,src/lyric/约定.txt
541687281,慢慢喜欢你,221000,我们在中场相遇,莫文蔚,http://music.163.com/song/media/outer/url?id=541687281.mp3,http://p2.music.126.net/21l0Cy8SO6ycY_eZT-6vVw==/109951163386949943.jpg,src/lyric/慢慢喜欢你.txt
27937466,忽然之间,202000,莫后年代?莫文蔚20周年世纪典藏,莫文蔚,http://music.163.com/song/media/outer/url?id=27937466.mp3,http://p2.music.126.net/iNcrt344tK6tME6tCbcbTw==/5818615534203000.jpg,src/lyric/忽然之间.txt
27937429,盛夏的果实 - (《北极光》国语版),250000,莫后年代?莫文蔚20周年世纪典藏,莫文蔚,http://music.163.com/song/media/outer/url?id=27937429.mp3,http://p2.music.126.net/iNcrt344tK6tME6tCbcbTw==/5818615534203000.jpg,src/lyric/盛夏的果实 - (《北极光》国语版).txt
25707139,一生所爱 - (电影《大话西游》插曲),273000,齐天周大圣之西游双记?电影歌乐游唱版,莫文蔚,http://music.163.com/song/media/outer/url?id=25707139.mp3,http://p2.music.126.net/ZwOyxtml-t4cra3hRy7CkQ==/6634453162971822.jpg,src/lyric/一生所爱 - (电影《大话西游》插曲).txt
276936,阴天,242000,就?i?Karen?莫文蔚精选,莫文蔚,http://music.163.com/song/media/outer/url?id=276936.mp3,http://p2.music.126.net/ZssgfaO-g7uvnI-7EEal9A==/109951163447793114.jpg,src/lyric/阴天.txt
277302,爱,200000,[i],莫文蔚,http://music.163.com/song/media/outer/url?id=277302.mp3,http://p2.music.126.net/hcY73QYZt36DeGf91euboQ==/18921495602636668.jpg,src/lyric/爱.txt
277822,电台情歌,248000,做自己?to?be,莫文蔚,http://music.163.com/song/media/outer/url?id=277822.mp3,http://p2.music.126.net/ImOQNmJZTzogPdt0-AsyDA==/19045740416582430.jpg,src/lyric/电台情歌.txt
276995,他不爱我,237000,就?i?Karen?莫文蔚精选,莫文蔚,http://music.163.com/song/media/outer/url?id=276995.mp3,http://p2.music.126.net/ZssgfaO-g7uvnI-7EEal9A==/109951163447793114.jpg,src/lyric/他不爱我.txt
276904,外面的世界,273000,回蔚,莫文蔚,http://music.163.com/song/media/outer/url?id=276904.mp3,http://p2.music.126.net/4nOKJJO8FnES0V5RUABkDQ==/19193074974607829.jpg,src/lyric/外面的世界.txt
277111,如果没有你 - (电视剧《浪漫满屋》片尾曲),289000,如果没有你,莫文蔚,http://music.163.com/song/media/outer/url?id=277111.mp3,http://p2.music.126.net/cvrs6zo7wJ8wGOfxXnDpwQ==/27487790706455.jpg,src/lyric/如果没有你 - (电视剧《浪漫满屋》片尾曲).txt
287035,遇见,210000,经典全纪录(主打精华版),孙燕姿,http://music.163.com/song/media/outer/url?id=287035.mp3,http://p1.music.126.net/ZpcOx5dbNTRK94vSIM20PQ==/768558627827568.jpg,src/lyric/遇见.txt
287063,我怀念的,289000,逆光,孙燕姿,http://music.163.com/song/media/outer/url?id=287063.mp3,http://p1.music.126.net/PehnaQ-BaAXeQg1d5s7leA==/6635552673699715.jpg,src/lyric/我怀念的.txt
287719,开始懂了,272000,我要的幸福,孙燕姿,http://music.163.com/song/media/outer/url?id=287719.mp3,http://p1.music.126.net/K4v_uhPOtikMGAs__QG5eg==/109951163200245079.jpg,src/lyric/开始懂了.txt
28196001,克卜勒 - (Kepler),249000,克卜勒,孙燕姿,http://music.163.com/song/media/outer/url?id=28196001.mp3,http://p1.music.126.net/IpXZzvX4xgseWGfZhXHCyQ==/109951163115291601.jpg,src/lyric/克卜勒 - (Kepler).txt
548556869,半句再见,242000,半句再见,孙燕姿,http://music.163.com/song/media/outer/url?id=548556869.mp3,http://p1.music.126.net/PV630HGTPO4N49CLPTILLA==/109951163213836694.jpg,src/lyric/半句再见.txt
287057,逆光,294000,逆光,孙燕姿,http://music.163.com/song/media/outer/url?id=287057.mp3,http://p1.music.126.net/PehnaQ-BaAXeQg1d5s7leA==/6635552673699715.jpg,src/lyric/逆光.txt
28283346,尚好的青春 - (Best?Days?of?My?Youth),266000,克卜勒,孙燕姿,http://music.163.com/song/media/outer/url?id=28283346.mp3,http://p1.music.126.net/IpXZzvX4xgseWGfZhXHCyQ==/109951163115291601.jpg,src/lyric/尚好的青春 - (Best?Days?of?My?Youth).txt
286966,180度,303000,是时候,孙燕姿,http://music.163.com/song/media/outer/url?id=286966.mp3,http://p1.music.126.net/WrCsW0q0cO5KW47P5wYlgw==/109951163298359678.jpg,src/lyric/180度.txt
287749,天黑黑,237000,yanzi?同名专辑,孙燕姿,http://music.163.com/song/media/outer/url?id=287749.mp3,http://p1.music.126.net/p_5BNWuwtBJ_Fl5gClx5Pg==/101155069756398.jpg,src/lyric/天黑黑.txt
287021,绿光,192000,经典全纪录(主打精华版),孙燕姿,http://music.163.com/song/media/outer/url?id=287021.mp3,http://p1.music.126.net/ZpcOx5dbNTRK94vSIM20PQ==/768558627827568.jpg,src/lyric/绿光.txt
254574,后来,341000,我等你,刘若英,http://music.163.com/song/media/outer/url?id=254574.mp3,http://p1.music.126.net/eBF7bHnJYBUfOFrJ_7SUfw==/109951163351825356.jpg,src/lyric/后来.txt
254460,当爱在靠近,250000,Love?And?The?City,刘若英,http://music.163.com/song/media/outer/url?id=254460.mp3,http://p1.music.126.net/GBvg52NpEcIPXjVHjpUBfA==/109951163069128145.jpg,src/lyric/当爱在靠近.txt
254548,成全 - (电视剧《梦想成真》片头曲),276000,年华,刘若英,http://music.163.com/song/media/outer/url?id=254548.mp3,http://p2.music.126.net/7O6b7GhKZhjPHkw5J3LF8w==/109951163351828303.jpg,src/lyric/成全 - (电视剧《梦想成真》片头曲).txt
254589,很爱很爱你,283000,很爱很爱你,刘若英,http://music.163.com/song/media/outer/url?id=254589.mp3,http://p1.music.126.net/A9MbrDMeJavYt3-d6eiTQA==/109951164624338945.jpg,src/lyric/很爱很爱你.txt
254499,为爱痴狂 - (电影《我的美丽与哀愁》主题曲),304000,收获?新歌+精选,刘若英,http://music.163.com/song/media/outer/url?id=254499.mp3,http://p2.music.126.net/nSCOYgdN2yo1e-NdQWa4CQ==/18511377767232313.jpg,src/lyric/为爱痴狂 - (电影《我的美丽与哀愁》主题曲).txt
5237745,一辈子的孤单,273000,一夜长大,刘若英,http://music.163.com/song/media/outer/url?id=5237745.mp3,http://p2.music.126.net/UqspFYRpPxdxa2-tLPRfAA==/109951163447800775.jpg,src/lyric/一辈子的孤单.txt
191342,最好的未来,253000,潜流,刘若英,http://music.163.com/song/media/outer/url?id=191342.mp3,http://p1.music.126.net/punwx3phmlbDx9EF3PBYmw==/109951163076925662.jpg,src/lyric/最好的未来.txt
32807083,漂洋过海来看你,124000,热门华语266,刘若英,http://music.163.com/song/media/outer/url?id=32807083.mp3,http://p2.music.126.net/RbJ9YEWzu4bcs0nar35A3w==/109951163926970215.jpg,src/lyric/漂洋过海来看你.txt
5250816,大地之歌,306000,一起飞,刘若英,http://music.163.com/song/media/outer/url?id=5250816.mp3,http://p2.music.126.net/OKO89SLcjFCRTq72uITeUg==/109951163292061121.jpg,src/lyric/大地之歌.txt
25949860,旅行的意义?/?崇拜?/?把悲伤留给自己?(Live),472000,脱掉高跟鞋世界巡回演唱会,刘若英,http://music.163.com/song/media/outer/url?id=25949860.mp3,http://p2.music.126.net/nmAqT_km61I6avwoIBESqA==/2535473814050033.jpg,src/lyric/旅行的意义_崇拜_把悲伤留给自己(Live).txt
254485,勇气,239000,勇气,梁静茹,http://music.163.com/song/media/outer/url?id=254485.mp3,http://p2.music.126.net/PavIMxZq16K7-0fSF5n-yg==/109951163240604120.jpg,src/lyric/勇气.txt
254191,可惜不是你,285000,丝路,梁静茹,http://music.163.com/song/media/outer/url?id=254191.mp3,http://p2.music.126.net/JwUTCEySzPijv-qtzeScPQ==/109951163240621579.jpg,src/lyric/可惜不是你.txt
254037,爱久见人心,295000,爱久见人心,梁静茹,http://music.163.com/song/media/outer/url?id=254037.mp3,http://p2.music.126.net/beFJwfRfVPGU8jYM7LQCSw==/109951164485327436.jpg,src/lyric/爱久见人心.txt
254309,分手快乐,275000,恋爱的力量,梁静茹,http://music.163.com/song/media/outer/url?id=254309.mp3,http://p2.music.126.net/u544zkCrn-cHlIyoLHLCBg==/109951163240601196.jpg,src/lyric/分手快乐.txt
254265,宁夏,209000,燕尾蝶,梁静茹,http://music.163.com/song/media/outer/url?id=254265.mp3,http://p2.music.126.net/dr9lwZeuTDjbVTDaz5K0zQ==/18796151278553471.jpg,src/lyric/宁夏.txt
254041,会过去的,257000,爱久见人心,梁静茹,http://music.163.com/song/media/outer/url?id=254041.mp3,http://p2.music.126.net/beFJwfRfVPGU8jYM7LQCSw==/109951164485327436.jpg,src/lyric/会过去的.txt
399353365,暖暖(Live),126000,江苏卫视?2016?跨年演唱会,梁静茹,http://music.163.com/song/media/outer/url?id=399353365.mp3,http://p2.music.126.net/sF67FVEvm-TpP_-TA9I5vA==/3298534890576644.jpg,src/lyric/暖暖(Live).txt
254039,偶阵雨,263000,爱久见人心,梁静茹,http://music.163.com/song/media/outer/url?id=254039.mp3,http://p2.music.126.net/beFJwfRfVPGU8jYM7LQCSw==/109951164485327436.jpg,src/lyric/偶阵雨.txt
254180,丝路,301000,丝路,梁静茹,http://music.163.com/song/media/outer/url?id=254180.mp3,http://p2.music.126.net/JwUTCEySzPijv-qtzeScPQ==/109951163240621579.jpg,src/lyric/丝路.txt
141288,明明很爱你,246000,门没锁,梁静茹,http://music.163.com/song/media/outer/url?id=141288.mp3,http://p2.music.126.net/NFrIm1SaoSRCpsxN7fkoZQ==/109951163083269878.jpg,src/lyric/明明很爱你.txt
28838055,再见悲哀,220000,我最喜爱的Eric?Kwok作品展,林忆莲,http://music.163.com/song/media/outer/url?id=28838055.mp3,http://p1.music.126.net/2H-eACt_dLeK-DmOjZAFRg==/5862595999612392.jpg,src/lyric/再见悲哀.txt
257098,为你我受冷风吹,259000,"Love,?Sandy",林忆莲,http://music.163.com/song/media/outer/url?id=257098.mp3,http://p1.music.126.net/5qWWTetRGYBc-ktiJLZsCw==/109951163076136658.jpg,src/lyric/为你我受冷风吹.txt
255858,词不达意,266000,呼吸,林忆莲,http://music.163.com/song/media/outer/url?id=255858.mp3,http://p1.music.126.net/05Mc3MS9L-hQQhgQnWEttg==/19064432114268939.jpg,src/lyric/词不达意.txt
256468,至少还有你,275000,属于我的林忆莲,林忆莲,http://music.163.com/song/media/outer/url?id=256468.mp3,http://p1.music.126.net/xEyRt-hCsxf0qGahe4x_cQ==/6667438510890773.jpg,src/lyric/至少还有你.txt
257202,不必在乎我是谁,260000,不必在乎我是谁,林忆莲,http://music.163.com/song/media/outer/url?id=257202.mp3,http://p1.music.126.net/p-eEhFNDwfsQZfT24XucHA==/109951164581141003.jpg,src/lyric/不必在乎我是谁.txt
108370,当爱已成往事,280000,爱情论,林忆莲,http://music.163.com/song/media/outer/url?id=108370.mp3,http://p1.music.126.net/a1uV59DV8OJzn4OVXRlLPw==/109951163071276550.jpg,src/lyric/当爱已成往事.txt
255950,问,228000,回忆莲莲,林忆莲,http://music.163.com/song/media/outer/url?id=255950.mp3,http://p1.music.126.net/DwgWuxtWczcdg2FJ9RFQ7A==/78065325589712.jpg,src/lyric/问.txt
409031573,分分钟需要你 - (原唱:?林子祥),252000,Within?You'll?Remain,林忆莲,http://music.163.com/song/media/outer/url?id=409031573.mp3,http://p1.music.126.net/iCukmO-Md2hu-_xaBdReDw==/18431113416605127.jpg,src/lyric/分分钟需要你 - (原唱:?林子祥).txt
255904,听说爱情回来过,315000,回忆莲莲,林忆莲,http://music.163.com/song/media/outer/url?id=255904.mp3,http://p1.music.126.net/DwgWuxtWczcdg2FJ9RFQ7A==/78065325589712.jpg,src/lyric/听说爱情回来过.txt
5255650,伤痕,370000,我们的主打歌,林忆莲,http://music.163.com/song/media/outer/url?id=5255650.mp3,http://p1.music.126.net/QoYAmdyE7FL_vc9rwNeS9w==/64871186055842.jpg,src/lyric/伤痕.txt
212233,千千阙歌,299000,千千阙歌,陈慧娴,http://music.163.com/song/media/outer/url?id=212233.mp3,http://p2.music.126.net/tzmGFZ0-DPOulXS97H5rmA==/18712588395102549.jpg,src/lyric/千千阙歌.txt
212376,傻女,230000,陈慧娴金曲精选26首,陈慧娴,http://music.163.com/song/media/outer/url?id=212376.mp3,http://p2.music.126.net/hPoSYFGVAfYjV3JiSObglQ==/109951163637041877.jpg,src/lyric/傻女.txt
212253,人生何处不相逢,236000,今天的爱人是谁,陈慧娴,http://music.163.com/song/media/outer/url?id=212253.mp3,http://p2.music.126.net/SQvpqlVrUamK46F49dCJ5g==/109951163032107598.jpg,src/lyric/人生何处不相逢.txt
212652,夜机,270000,永远是你的朋友,陈慧娴,http://music.163.com/song/media/outer/url?id=212652.mp3,http://p2.music.126.net/a--jI2TdcjVsOLx3ekDy9Q==/109951163421406223.jpg,src/lyric/夜机.txt
212430,飘雪,235000,归来吧,陈慧娴,http://music.163.com/song/media/outer/url?id=212430.mp3,http://p2.music.126.net/Kp4o5KbQpGuw_4AHhYAzDw==/109951163421398498.jpg,src/lyric/飘雪.txt
211015,月半小夜曲(Live),225000,活出生命?II?演唱会,陈慧娴,http://music.163.com/song/media/outer/url?id=211015.mp3,http://p2.music.126.net/tLaXmJ_somBvqSvkqXuq4A==/109951163066642561.jpg,src/lyric/月半小夜曲(Live).txt
212409,孤单背影,258000,归来吧,陈慧娴,http://music.163.com/song/media/outer/url?id=212409.mp3,http://p2.music.126.net/Kp4o5KbQpGuw_4AHhYAzDw==/109951163421398498.jpg,src/lyric/孤单背影.txt
212412,月亮,280000,归来吧,陈慧娴,http://music.163.com/song/media/outer/url?id=212412.mp3,http://p2.music.126.net/Kp4o5KbQpGuw_4AHhYAzDw==/109951163421398498.jpg,src/lyric/月亮.txt
212436,归来吧,279000,归来吧,陈慧娴,http://music.163.com/song/media/outer/url?id=212436.mp3,http://p2.music.126.net/Kp4o5KbQpGuw_4AHhYAzDw==/109951163421398498.jpg,src/lyric/归来吧.txt
5285096,地球大合唱,411000,地球大合唱,陈慧娴,http://music.163.com/song/media/outer/url?id=5285096.mp3,http://p2.music.126.net/DBBhxlHs48Kpecb8uAcazw==/103354093025676.jpg,src/lyric/地球大合唱.txt
308353,钟无艳,276000,3/8(新歌+精选),谢安琪,http://music.163.com/song/media/outer/url?id=308353.mp3,http://p1.music.126.net/jKdhcbQIjNTVRVVpc6INQA==/109951163610130313.jpg,src/lyric/钟无艳.txt
308299,喜帖街,211000,Binary,谢安琪,http://music.163.com/song/media/outer/url?id=308299.mp3,http://p1.music.126.net/dLkalW4CyC6hAZQS6xXFeA==/109951163649564629.jpg,src/lyric/喜帖街.txt
33471531,罗生门,262000,Addendum,谢安琪,http://music.163.com/song/media/outer/url?id=33471531.mp3,http://p1.music.126.net/jR_A_vL1ngAml2mb16L20w==/3320525116753321.jpg,src/lyric/罗生门.txt
308169,年度之歌,240000,Yelling,谢安琪,http://music.163.com/song/media/outer/url?id=308169.mp3,http://p1.music.126.net/SkSda5laDTH73h_a9ZYEig==/109951164146248533.jpg,src/lyric/年度之歌.txt
1351743678,其实寂寞,261000,其实寂寞,谢安琪,http://music.163.com/song/media/outer/url?id=1351743678.mp3,http://p1.music.126.net/3fGvihLZgF-VnFaJcDqXhg==/109951163924580895.jpg,src/lyric/其实寂寞.txt
27671067,我们都被忘了 - (电视剧?《我爱你爱你爱我》片尾曲),275000,谢―安琪,谢安琪,http://music.163.com/song/media/outer/url?id=27671067.mp3,http://p1.music.126.net/mtSqZPPM4BchwC7oOG582w==/109951164581147538.jpg,src/lyric/我们都被忘了 - (电视剧?《我爱你爱你爱我》片尾曲).txt
1380100575,偷情的礼仪,199000,偷情的礼仪,谢安琪,http://music.163.com/song/media/outer/url?id=1380100575.mp3,http://p1.music.126.net/Rw7yCfQf4ckPalLooeg88w==/109951164238909179.jpg,src/lyric/偷情的礼仪.txt
31152040,绵绵,254000,热门华语262,谢安琪,http://music.163.com/song/media/outer/url?id=31152040.mp3,http://p1.music.126.net/4Pu7M0q88fVVoo1ZFS_nmw==/3408486047237011.jpg,src/lyric/绵绵.txt
308276,逝去日子(Live),217000,903?id?Club?谢安琪拉阔变奏厅?Live,谢安琪,http://music.163.com/song/media/outer/url?id=308276.mp3,http://p1.music.126.net/7KTfvZb_ra1EzotKujHrmg==/106652627911507.jpg,src/lyric/逝去日子(Live).txt
571340767,人妻的伪术,277000,人妻的伪术,谢安琪,http://music.163.com/song/media/outer/url?id=571340767.mp3,http://p1.music.126.net/TkmQ2rkSxzqbu3_t_mU6ow==/109951163351492408.jpg,src/lyric/人妻的伪术.txt
417250673,父亲写的散文诗,228000,父亲写的散文诗,许飞,http://music.163.com/song/media/outer/url?id=417250673.mp3,http://p1.music.126.net/klZM86P-K_DHWpOj0gJ3Mg==/3252355400229043.jpg,src/lyric/父亲写的散文诗.txt
4872537,我要的飞翔,243000,一起来看流星雨?原声音乐辑,许飞,http://music.163.com/song/media/outer/url?id=4872537.mp3,http://p1.music.126.net/E2rj7yVN0szCF5Kxf1aS8A==/19066631137284075.jpg,src/lyric/我要的飞翔.txt
503207464,一些规律,200000,一些规律,许飞,http://music.163.com/song/media/outer/url?id=503207464.mp3,http://p1.music.126.net/O1Z5YwyUl0tbdHHDlmdd1g==/109951163018677033.jpg,src/lyric/一些规律.txt
472462535,左半边翅膀,268000,二十六度,许飞,http://music.163.com/song/media/outer/url?id=472462535.mp3,http://p1.music.126.net/XiLsoLnqytZW4p9vt-HZUQ==/109951162904539572.jpg,src/lyric/左半边翅膀.txt
5242816,快乐出发 - (湖南卫视2009-2010跨年演唱会主题曲),194000,快乐出发,许飞,http://music.163.com/song/media/outer/url?id=5242816.mp3,http://p1.music.126.net/GctVCH1lCAVQUVY8-Onu3w==/871912720826739.jpg,src/lyric/快乐出发 - (湖南卫视2009-2010跨年演唱会主题曲).txt
28987543,在路上,263000,在路上,许飞,http://music.163.com/song/media/outer/url?id=28987543.mp3,http://p1.music.126.net/VeYMrsy5g54G6j-12WpoCw==/8986308533881168.jpg,src/lyric/在路上.txt
407889469,不说再见(许飞版) - (电影《谁的青春不迷茫》女生版毕业季推广曲),274000,不说再见,许飞,http://music.163.com/song/media/outer/url?id=407889469.mp3,http://p1.music.126.net/hhqJBfuCDmTWssQjM_a0hQ==/3299634397554642.jpg,src/lyric/不说再见(许飞版) - (电影《谁的青春不迷茫》女生版毕业季推广曲).txt
472435756,淡淡的歌,222000,恰许同学年少,许飞,http://music.163.com/song/media/outer/url?id=472435756.mp3,http://p1.music.126.net/LjOcp0ajc-fnPlyh4G6k4w==/109951162904481803.jpg,src/lyric/淡淡的歌.txt
350815,那年夏天,259000,2006超级女声长沙唱区×10强,许飞,http://music.163.com/song/media/outer/url?id=350815.mp3,http://p1.music.126.net/_cXEPgKQegfdgMey_gSrxg==/93458488373139.jpg,src/lyric/那年夏天.txt
1422191569,敬你?(demo),206000,敬你?(demo),许飞,http://music.163.com/song/media/outer/url?id=1422191569.mp3,http://p1.music.126.net/LMPQECb-LniGxeSlWwp_GA==/109951164693366130.jpg,src/lyric/敬你?(demo).txt
346576,光辉岁月,300000,光辉岁月十五年,Beyond,http://music.163.com/song/media/outer/url?id=346576.mp3,http://p1.music.126.net/JOJvZc_7SqQjKf8TktQ_bw==/29686813951246.jpg,src/lyric/光辉岁月.txt
346075,真的爱你,277000,25周年精选,Beyond,http://music.163.com/song/media/outer/url?id=346075.mp3,http://p1.music.126.net/ghmbmEQS-IJfZPjdA3KGxg==/82463372084291.jpg,src/lyric/真的爱你.txt
347230,海阔天空,326000,海阔天空,Beyond,http://music.163.com/song/media/outer/url?id=347230.mp3,http://p1.music.126.net/QHw-RuMwfQkmgtiyRpGs0Q==/102254581395219.jpg,src/lyric/海阔天空.txt
347597,不再犹豫,252000,犹豫,Beyond,http://music.163.com/song/media/outer/url?id=347597.mp3,http://p1.music.126.net/jFVtPnc0-cBv4k2_Fuld-A==/54975581392009.jpg,src/lyric/不再犹豫.txt
346069,冷雨夜,261000,25周年精选,Beyond,http://music.163.com/song/media/outer/url?id=346069.mp3,http://p1.music.126.net/ghmbmEQS-IJfZPjdA3KGxg==/82463372084291.jpg,src/lyric/冷雨夜.txt
32701152,灰色轨迹 - (电影《追梦人》粤语插曲),325000,BEYOND金碟至尊精选,Beyond,http://music.163.com/song/media/outer/url?id=32701152.mp3,http://p1.music.126.net/K_p-jhEvCpP7I4Sqd_QfFw==/7954966627607511.jpg,src/lyric/灰色轨迹 - (电影《追梦人》粤语插曲).txt
346085,谁伴我闯荡 - (电影《Beyond日记》插曲),253000,25周年精选,Beyond,http://music.163.com/song/media/outer/url?id=346085.mp3,http://p1.music.126.net/ghmbmEQS-IJfZPjdA3KGxg==/82463372084291.jpg,src/lyric/谁伴我闯荡 - (电影《Beyond日记》插曲).txt
347355,情人,317000,乐与怒,Beyond,http://music.163.com/song/media/outer/url?id=347355.mp3,http://p1.music.126.net/PrWM5Jvdj-UpSomHnlGQew==/109951164241394642.jpg,src/lyric/情人.txt
346073,喜欢你,273000,25周年精选,Beyond,http://music.163.com/song/media/outer/url?id=346073.mp3,http://p1.music.126.net/ghmbmEQS-IJfZPjdA3KGxg==/82463372084291.jpg,src/lyric/喜欢你.txt
347758,大地,261000,秘密警察,Beyond,http://music.163.com/song/media/outer/url?id=347758.mp3,http://p1.music.126.net/9VII0vWl5hnIq0ZNpL6Rgw==/107752139525259.jpg,src/lyric/大地.txt
26524510,我好想你 - (I?Miss?You?So),324000,秋：故事,苏打绿,http://music.163.com/song/media/outer/url?id=26524510.mp3,http://p1.music.126.net/t3yhufmRdlQZPfkLlxlgOA==/109951163240602374.jpg,src/lyric/我好想你 - (I?Miss?You?So).txt
375328,小情歌,273000,小宇宙,苏打绿,http://music.163.com/song/media/outer/url?id=375328.mp3,http://p1.music.126.net/kaV4_oULlzEYWoXP2Qi31Q==/109951163434342307.jpg,src/lyric/小情歌.txt
375168,无与伦比的美丽,306000,无与伦比的美丽,苏打绿,http://music.163.com/song/media/outer/url?id=375168.mp3,http://p1.music.126.net/yESd9oK4aL-07CkU9JSMtg==/109951163434348114.jpg,src/lyric/无与伦比的美丽.txt
374597,你被写在我的歌里,275000,你在烦恼什么,苏打绿,http://music.163.com/song/media/outer/url?id=374597.mp3,http://p1.music.126.net/NGBr80seZ96ILO2h8R390A==/18576248952955358.jpg,src/lyric/你被写在我的歌里.txt
27678693,再遇见 - (Met?Again),275000,秋：故事,苏打绿,http://music.163.com/song/media/outer/url?id=27678693.mp3,http://p1.music.126.net/t3yhufmRdlQZPfkLlxlgOA==/109951163240602374.jpg,src/lyric/再遇见 - (Met?Again).txt
374605,喜欢寂寞,264000,你在烦恼什么,苏打绿,http://music.163.com/song/media/outer/url?id=374605.mp3,http://p1.music.126.net/NGBr80seZ96ILO2h8R390A==/18576248952955358.jpg,src/lyric/喜欢寂寞.txt
374612,当我们一起走过,284000,你在烦恼什么,苏打绿,http://music.163.com/song/media/outer/url?id=374612.mp3,http://p1.music.126.net/NGBr80seZ96ILO2h8R390A==/18576248952955358.jpg,src/lyric/当我们一起走过.txt
374621,你在烦恼什么,275000,你在烦恼什么,苏打绿,http://music.163.com/song/media/outer/url?id=374621.mp3,http://p1.music.126.net/NGBr80seZ96ILO2h8R390A==/18576248952955358.jpg,src/lyric/你在烦恼什么.txt
374910,他夏了夏天,304000,夏?/?狂热,苏打绿,http://music.163.com/song/media/outer/url?id=374910.mp3,http://p1.music.126.net/05NqEzvrW64ofSDglCds_A==/18592741627365003.jpg,src/lyric/他夏了夏天.txt
374608,燕窝,301000,你在烦恼什么,苏打绿,http://music.163.com/song/media/outer/url?id=374608.mp3,http://p1.music.126.net/NGBr80seZ96ILO2h8R390A==/18576248952955358.jpg,src/lyric/燕窝.txt
399354289,不说再见 - (电影《谁的青春不迷茫》主题曲),296000,不说再见,好妹妹,http://music.163.com/song/media/outer/url?id=399354289.mp3,http://p1.music.126.net/GHspaji-l6W7rBT0e4PFrg==/2529976259373492.jpg,src/lyric/不说再见 - (电影《谁的青春不迷茫》主题曲).txt
29414460,往事只能回味,217000,说时依旧,好妹妹,http://music.163.com/song/media/outer/url?id=29414460.mp3,http://p1.music.126.net/GCJy3VguiVQIvzfTwResMg==/2535473813700425.jpg,src/lyric/往事只能回味.txt
1342592226,离家最近的路 - (网易云音乐温暖2019特别企划),264000,离家最近的路,好妹妹,http://music.163.com/song/media/outer/url?id=1342592226.mp3,http://p1.music.126.net/nvUSfLkvpV07rhMefg2AXQ==/109951163823798440.jpg,src/lyric/离家最近的路 - (网易云音乐温暖2019特别企划).txt
459720276,送情郎,271000,送情郎,好妹妹,http://music.163.com/song/media/outer/url?id=459720276.mp3,http://p1.music.126.net/xTag5IHEXyQhJVqR4_7mOA==/18812643953034778.jpg,src/lyric/送情郎.txt
26145725,相思赋予谁,245000,春生,好妹妹,http://music.163.com/song/media/outer/url?id=26145725.mp3,http://p1.music.126.net/-miwFGJUNbUoT6FOLBfjCg==/18568552371584657.jpg,src/lyric/相思赋予谁.txt
26427666,"我说今晚月光那么美,你说是的",201000,南北,好妹妹,http://music.163.com/song/media/outer/url?id=26427666.mp3,http://p2.music.126.net/DESI7B-JbCc5lc82W9OApw==/18618030394501261.jpg,"src/lyric/我说今晚月光那么美,你说是的.txt"
26427663,你曾是少年,182000,南北,好妹妹,http://music.163.com/song/media/outer/url?id=26427663.mp3,http://p1.music.126.net/DESI7B-JbCc5lc82W9OApw==/18618030394501261.jpg,src/lyric/你曾是少年.txt
526470685,我在未来等你,291000,我在未来等你,好妹妹,http://music.163.com/song/media/outer/url?id=526470685.mp3,http://p1.music.126.net/opqO8873H8OVP2RNGD-dGQ==/109951163098338146.jpg,src/lyric/我在未来等你.txt
26145724,青城山下白素贞,134000,春生,好妹妹,http://music.163.com/song/media/outer/url?id=26145724.mp3,http://p1.music.126.net/-miwFGJUNbUoT6FOLBfjCg==/18568552371584657.jpg,src/lyric/青城山下白素贞.txt
456175582,我们去过许多地方,191000,实名制,好妹妹,http://music.163.com/song/media/outer/url?id=456175582.mp3,http://p1.music.126.net/SYOAfo-eDgJjaIDftwUjnw==/18698294743822365.jpg,src/lyric/我们去过许多地方.txt
1329392980,只要平凡-小石头和孩子们（翻自?张杰）?,234000,只要平凡-小石头和孩子们,小石头和孩子们,http://music.163.com/song/media/outer/url?id=1329392980.mp3,http://p2.music.126.net/Ra3sZxrKPDqT7DM_ZFlQmA==/109951163693332291.jpg,src/lyric/只要平凡-小石头和孩子们（翻自?张杰）?.txt
1431253446,杨花落尽子规啼（翻自?国风堂）?,118000,杨花落尽子规啼,小石头和孩子们,http://music.163.com/song/media/outer/url?id=1431253446.mp3,http://p2.music.126.net/Pf3TTBsIDwogpEmvCDPzCw==/109951164807537758.jpg,src/lyric/杨花落尽子规啼（翻自?国风堂）?.txt
1426412115,纪念用生命托起世界的人,286000,纪念用生命托起世界的人,小石头和孩子们,http://music.163.com/song/media/outer/url?id=1426412115.mp3,http://p2.music.126.net/2jlQ3Qep1b3_WDXcohQBaA==/109951164746059685.jpg,src/lyric/纪念用生命托起世界的人.txt
1377131023,声声慢（翻自?崔开潮）?,188000,小石头和孩子们音乐集,小石头和孩子们,http://music.163.com/song/media/outer/url?id=1377131023.mp3,http://p2.music.126.net/Rqf-jQWsyRbw_ZwHulK60w==/109951163825309896.jpg,src/lyric/声声慢（翻自?崔开潮）?.txt
1347461986,胡广生-师葭希、韩甜甜（翻自?任素汐）?,213000,小石头和孩子们音乐集,小石头和孩子们,http://music.163.com/song/media/outer/url?id=1347461986.mp3,http://p2.music.126.net/Rqf-jQWsyRbw_ZwHulK60w==/109951163825309896.jpg,src/lyric/胡广生-师葭希、韩甜甜（翻自?任素汐）?.txt
1358675648,多想在平庸的生活拥抱你（翻自?隔壁老樊）?,237000,小石头和孩子们音乐集,小石头和孩子们,http://music.163.com/song/media/outer/url?id=1358675648.mp3,http://p2.music.126.net/Rqf-jQWsyRbw_ZwHulK60w==/109951163825309896.jpg,src/lyric/多想在平庸的生活拥抱你（翻自?隔壁老樊）?.txt
1397513361,红色高跟鞋（翻自?蔡健雅）?,177000,最美的声音属于韩甜甜,小石头和孩子们,http://music.163.com/song/media/outer/url?id=1397513361.mp3,http://p2.music.126.net/U8OAEj0MusyM7p3LlaiqFQ==/109951164432536601.jpg,src/lyric/红色高跟鞋（翻自?蔡健雅）?.txt
1333168535,探清水河（翻自?群星）?,277000,探清水河-师葭希/小石头和孩子们,小石头和孩子们,http://music.163.com/song/media/outer/url?id=1333168535.mp3,http://p2.music.126.net/NGUYq98K4nYmA3LCPtgihg==/109951163723563303.jpg,src/lyric/探清水河（翻自?群星）?.txt
1353168685,盗将行（翻自?花粥）?,198000,小石头和孩子们音乐集,小石头和孩子们,http://music.163.com/song/media/outer/url?id=1353168685.mp3,http://p2.music.126.net/Rqf-jQWsyRbw_ZwHulK60w==/109951163825309896.jpg,src/lyric/盗将行（翻自?花粥）?.txt
1384056952,这是春天吗（Live）－小石头和孩子们／师葭希,215000,“小石头和孩子们”第二届流行音乐节,小石头和孩子们,http://music.163.com/song/media/outer/url?id=1384056952.mp3,http://p2.music.126.net/Nrur8XJ7GitIGxCBxXM0QA==/109951164291695555.jpg,src/lyric/这是春天吗（Live）－小石头和孩子们／师葭希.txt
357324,我们能不能不分手,210000,花季王朝,花儿乐队,http://music.163.com/song/media/outer/url?id=357324.mp3,http://p1.music.126.net/m26TqluLYI2AXuh7K_bcag==/109951163368473780.jpg,src/lyric/我们能不能不分手.txt
357424,静止,193000,幸福的旁边,花儿乐队,http://music.163.com/song/media/outer/url?id=357424.mp3,http://p1.music.126.net/BGl4WYlHwD3vNOBjcG347w==/109951163368476561.jpg,src/lyric/静止.txt
357253,穷开心,198000,花龄盛会,花儿乐队,http://music.163.com/song/media/outer/url?id=357253.mp3,http://p2.music.126.net/zoxPX4KODdIh49AJnYHFNg==/109951163078999222.jpg,src/lyric/穷开心.txt
357284,我的果汁分你一半,216000,花天质,花儿乐队,http://music.163.com/song/media/outer/url?id=357284.mp3,http://p1.music.126.net/w6XH2VIhId49aE3WtNGwhw==/6647647301609302.jpg,src/lyric/我的果汁分你一半.txt
357319,嘻唰唰,217000,花季王朝,花儿乐队,http://music.163.com/song/media/outer/url?id=357319.mp3,http://p1.music.126.net/m26TqluLYI2AXuh7K_bcag==/109951163368473780.jpg,src/lyric/嘻唰唰.txt
357384,泡沫,314000,草莓声明,花儿乐队,http://music.163.com/song/media/outer/url?id=357384.mp3,http://p1.music.126.net/DT-BMcaX3I4-nze2Sa9d7g==/39582418614555.jpg,src/lyric/泡沫.txt
357330,化蝶飞,218000,花季王朝,花儿乐队,http://music.163.com/song/media/outer/url?id=357330.mp3,http://p1.music.126.net/m26TqluLYI2AXuh7K_bcag==/109951163368473780.jpg,src/lyric/化蝶飞.txt
357256,鹊桥汇,231000,花龄盛会,花儿乐队,http://music.163.com/song/media/outer/url?id=357256.mp3,http://p1.music.126.net/zoxPX4KODdIh49AJnYHFNg==/109951163078999222.jpg,src/lyric/鹊桥汇.txt
5261758,挪威森林,189000,独立日记,花儿乐队,http://music.163.com/song/media/outer/url?id=5261758.mp3,http://p1.music.126.net/GlvHGb45gGHSrL79mxGHMA==/96757023261555.jpg,src/lyric/挪威森林.txt
357421,花,207000,幸福的旁边,花儿乐队,http://music.163.com/song/media/outer/url?id=357421.mp3,http://p1.music.126.net/BGl4WYlHwD3vNOBjcG347w==/109951163368476561.jpg,src/lyric/花.txt
